Id,UserId,Text,Domain
1.58073E+18,1.4403E+18,#Visa is launching #crypto debit cards in over 40 countries in partnership with #FTX. $BTC #bitcoin #cryptocurrency,Stocks
1.58073E+18,90567496,RT @TheMoonCarl: #BITCOIN¬†WILL MOVE BIG WITHIN 3 DAYS!!! üöÄ,Digital Assets & Crypto
1.58073E+18,1.55934E+18,@cryptojack #ATH #bscgems #bscgem #cryptocurrency #altcoin #ownblockchain #cryptocurrency #Crypto #bitcoin‚ÄØ‚ÄØ‚ÄØ #altcoins #metaverse #nft #blockchain #vr #alveychain #Alvey #layer1 buy and hold walv for long term. This project is legit like btc/eth in early stage. https://t.co/3ifTx0uBJq,Technology
1.58073E+18,1.42141E+18,"RT @Vforrkripto: #Bitcoin y√ºkselirken deƒüil d√º≈ü√ºnce altcoinler √ßƒ±kƒ±yor diye bo≈üuna demedim. 

Yarƒ±n bazƒ± altcoinlerin y√ºkseldiƒüini g√∂rebili‚Ä¶",Digital Assets & Crypto
1.58073E+18,10162322,"RT @BitcoinNewslet1: #Bitcoin is $50,000 off its all-time high, and I'm still obsessed with it.",Digital Assets & Crypto
1.58073E+18,7.86039E+17,Forget the stock market. All in on #bitcoin! Or you could always dump all of Chemtura Corp. $CHMT #ProTip,Digital Assets & Crypto
1.58073E+18,1.1924E+18,"RT @0xSkip: üî• $1000 GIVEAWAY!!! üî•

To celebrate hitting 100K followers recently, I‚Äôll be giving away $1000 in #BNB!

üëâüèªTo enter:
‚úÖ Like &amp; R‚Ä¶",Digital Assets & Crypto
1.58073E+18,1.26173E+18,"RT @WSzamosszegi: When people ask me why #Bitcoin, I offer them this chart in verbal terms: https://t.co/Nkeu0U9NBy",Digital Assets & Crypto
1.58073E+18,1.24211E+18,RT @BTC_Archive: Bitcoin is actually up today bro üòé https://t.co/FB9jJhMAbI,Digital Assets & Crypto
1.58073E+18,9.80467E+17,NFTs will be ‚Äòas disruptive‚Äô as Bitcoin was 10 years ago ‚Äî Kraken exec https://t.co/l2uiXGlBSw  $BTC.X $ETH.X $SHIB.X $XRP.X,Digital Assets & Crypto
1.58073E+18,1.144E+18,"üá∫üá∏ USD: $19,419
üá™üá∫ EUR: ‚Ç¨19,871 
üá¨üáß GBP: ¬£17,170
üá®üá¶ CAD: $26,649
üá¶üá∫ AUD: $30,852
üáØüáµ JPY:  ¬•2,860,091

 #Bitcoin #BTC",Digital Assets & Crypto
1.58073E+18,1.53903E+18,RT @bmurphypointman: #Socialmedia #SSM #SEO #makemoney  #bitcoin #dogecoin #affiliatemarketing Check my website for my top recommended #tra‚Ä¶,Technology
1.58073E+18,1.53903E+18,RT @bmurphypointman: #Socialmedia #SSM #SEO #makemoney  #bitcoin #dogecoin #affiliatemarketing Check my website for my top recommended #tra‚Ä¶,Technology
1.58073E+18,1.57429E+18,"GM community 
#bitcoin¬†¬† #altcoin #blockchain #crypto #presale #ICO #cryptoinvestors #bnb¬†¬† #ftx #houbi #eth #vitalik #elonmusk #nft #sol #avax¬†¬† #hex #ethkiller #nftcommunity https://t.co/dIFFkiA9FY",Digital Assets & Crypto
1.58073E+18,1.277E+18,"RT @Dark_nigthh: Qu√© es el El Bitcoin‚ùì

Es una moneda virtual o un medio de intercambio electr√≥nico que sirve para adquirir productos y ser‚Ä¶",Digital Assets & Crypto
1.58073E+18,138127459,RT @mercadosyaccion: üî∫Bueno .. El dato de la inflaci√≥n en EE.UU tambi√©n afecta al Bitcoin que cae m√°s de - 4% .. A ESTA HORA : 9:20am https‚Ä¶,Digital Assets & Crypto
1.58073E+18,1.53912E+18,"RT @VSTMEX: üî• V for VICTORY and @VSTMEX! üî•

Be victorious with our #Bitcoin Short-Term #Trading King, the most advanced AI solution to trad‚Ä¶",Digital Assets & Crypto
1.58073E+18,1.57799E+18,"RT @smallcappick: Bitcoin PAY 1-day activity: 
Bullish sentiment: 3.66K +15.91%üêÇüêÇ
https://t.co/RyOCE6Jsh8
$btcpay #bitcoinpay",Digital Assets & Crypto
1.58073E+18,1.57799E+18,"RT @smallcappick: Bitcoin PAY 1-day activity: 
Bullish sentiment: 3.66K +15.91%üêÇüêÇ
https://t.co/RyOCE6Jsh8
$btcpay #bitcoinpay",Digital Assets & Crypto
1.58073E+18,1.51352E+18,"RT @Mohsin_71: Bounce Up .... üöÄ

Bitcoin is playing with the hearts of innocent Traders... üòÇ",Digital Assets & Crypto
1.58073E+18,1.46037E+18,"RT @jimyoung2817: Most still don‚Äôt understand that bitcoin is a protocol, shared and used by the human race. It‚Äôs not a stock, a company, o‚Ä¶",Digital Assets & Crypto
1.58073E+18,1.46037E+18,"RT @jimyoung2817: Most still don‚Äôt understand that bitcoin is a protocol, shared and used by the human race. It‚Äôs not a stock, a company, o‚Ä¶",Digital Assets & Crypto
1.58073E+18,1.51843E+18,"ÏïåÌååÏøºÌÅ¨, MintDAOÏôÄ ÌååÌä∏ÎÑàÏã≠ Ï≤¥Í≤∞
ÏûêÏÑ∏ÌïúÎÇ¥Ïö©ÏùÄüëâhttps://t.co/fk8TqocjDn

#P2ENEWS #P2E #NFT #NFTGame #Bitcoin #Airdrops #Sandbox #binance #nftnews #P2EGame https://t.co/Eqxv7XCPhS",Digital Assets & Crypto
1.58073E+18,1.34614E+18,RT @BitcoinSapiens: ‚ÄúThe #Bitcoin guys really have a perspective on what the true liberation of America and Humanity will be.‚Äù -@kanyewest,Digital Assets & Crypto
1.58073E+18,1.57799E+18,"RT @smallcappick: Bitcoin PAY 1-day activity: 
Social mentions: 5.2K +6.83%
Social engagements: 4.98M +17.62%
Social dominance: 0.2695% +6.‚Ä¶",Digital Assets & Crypto
1.58073E+18,1.22215E+18,"RT @bit_castle: DAY10
Follow and retweet campaignüå∞üçÅ
Ôºè
3people can get $20 worth of Bitcoin every dayüéÅüí∞
Ôºº

‚úÖ Follow this account
‚úÖ Retweet t‚Ä¶",Digital Assets & Crypto
1.58073E+18,1.53942E+18,"4 Best Air Jordan 2 Collab in 2022 so far.üíü

Cryptos are accepted at Kicksgram. 
https://t.co/JrHwlCGMXK

#SNKRS #sneakers #AirJordan2 #collabs #cryptos #Bitcoin #Dogecoin #Catcoin #ETH https://t.co/Eym0t4jSBh",Digital Assets & Crypto
1.58073E+18,1.54636E+18,"#BinanceCoin price update: $BNB

#BNB $273.1 USD

#Bitcoin 0.01406 BTC

#Ethereum 0.21131 ETH

#altcoin #crypto #cryptocurrency

Follow for recent BNB price updates",Stocks
1.58073E+18,1.55934E+18,@justinsuntron #ATH #bscgems #bscgem #cryptocurrency #altcoin #ownblockchain #cryptocurrency #Crypto #bitcoin #altcoins #metaverse #nft #blockchain #vr #alveychain #Alvey #layer1 https://t.co/PwTzSpM1gf,Technology
1.58073E+18,1.2012E+18,"@mctinetti Pero bien que los agarraste, y no vengas con la paja que ten√≠a $30 y ahora $12.74.
Si sacaste completo los $30
 y es f√°cil hacer la conversi√≥n a como est√° el bitcoin en este momento.
Pero bien segu√≠ pensando que pueden desbarrancar al presidente para las pr√≥ximas elecciones. https://t.co/MJ7BuE7XZA",Digital Assets & Crypto
1.58073E+18,3239705875,@charliekirk11 @barnes_law Bitcoin fixes this,Digital Assets & Crypto
1.58073E+18,1.33426E+18,"RT @JustinBennettFX: Guess what's still holding. 

$BTC #Bitcoin https://t.co/vKz4m45MnH",Stocks
1.58073E+18,1.5759E+18,"RT @anilsaidso: As #bitcoin adoption continues its relentless march, so too does the onslaught of misconceptions, red herrings, and flawed‚Ä¶",Digital Assets & Crypto
1.58073E+18,1.13446E+18,"@JhnJhn70365341 Wow, dis you get his last bitcoin update?? Follow MMcrypto on instagram for more bitcoin update https://t.co/ddgveCkMNW",Digital Assets & Crypto
1.58073E+18,1.56043E+18,RT @Crypto_Inside_: üá¶üá™ 21Shares spot #Bitcoin ETP goes live on Nasdaq Dubai https://t.co/IyhI3jMiKQ,Digital Assets & Crypto
1.58073E+18,1.37716E+18,"Time to switch from LinkedIn to MetaMask? Not yet, but soon - https://t.co/ePB9aP2qOz #cryptocurrency #crypto #bitcoin https://t.co/OT0arahhaG",Digital Assets & Crypto
1.58073E+18,1.49855E+18,"RT @0xSkip: üî• $1000 GIVEAWAY!!! üî•

To celebrate hitting 100K followers recently, I‚Äôll be giving away $1000 in #BNB!

üëâüèªTo enter:
‚úÖ Like &amp; R‚Ä¶",Digital Assets & Crypto
1.58073E+18,1.56384E+18,"RT @smallcappick: Bitcoin PAY 1-day activity: 
Social mentions: 6.23K +56.73%
Social dominance: 0.3226% +56.73%
Bullish sentiment: 4.2K +46‚Ä¶",Digital Assets & Crypto
1.58073E+18,1.56384E+18,"RT @smallcappick: Bitcoin PAY 1-day activity: 
Social mentions: 6.23K +56.73%
Social dominance: 0.3226% +56.73%
Bullish sentiment: 4.2K +46‚Ä¶",Digital Assets & Crypto
1.58073E+18,1.49039E+18,"@TheDustyBC #RichQUACK ü¶Ü

Click üëá to join our telegram for more information
https://t.co/vZvftRslPS

  @RichQuack
 #Crypto    #BTC¬†¬† #Binance¬†¬† #cryptocurrency #RichquackArmy #QuackArmy #QUACKattack   #100xgem #Bitcoin https://t.co/PA380E9hwl",Digital Assets & Crypto
1.58073E+18,1.46438E+18,"[ $BTC ] Bitcoin  
NFTs will be ‚Äòas disruptive‚Äô as Bitcoin was 10 years ago ‚Äî Kraken exec
 https://t.co/79AAXXcchK",Stocks
1.58073E+18,1.57554E+18,"RT @VSTMEX: üî• V for VICTORY and @VSTMEX! üî•

Be victorious with our #Bitcoin Short-Term #Trading King, the most advanced AI solution to trad‚Ä¶",Digital Assets & Crypto
1.58073E+18,1.48942E+18,"RT @Openbets_gaming: FIFA World Cup is around the corner.

Predict the winner and earn bitcoin here.

Click the link below to join!‚úçÔ∏è
https‚Ä¶",Digital Assets & Crypto
1.58073E+18,1.48942E+18,"RT @Openbets_gaming: FIFA World Cup is around the corner.

Predict the winner and earn bitcoin here.

Click the link below to join!‚úçÔ∏è
https‚Ä¶",Digital Assets & Crypto
1.58073E+18,1.48942E+18,"RT @Openbets_gaming: FIFA World Cup is around the corner.

Predict the winner and earn bitcoin here.

Click the link below to join!‚úçÔ∏è
https‚Ä¶",Digital Assets & Crypto
1.58073E+18,1.25912E+18,"RT @Hayess5178: #Bitcoin $BTC
Zoom out, Zoom in. Yesterdays daily candle looks like a retest with a strong bounce to me. 
Short term it wou‚Ä¶",Stocks
1.58073E+18,1.45221E+18,"RT @Openbets_gaming: FIFA World Cup is around the corner.

Predict the winner and earn bitcoin here.

Click the link below to join!‚úçÔ∏è
https‚Ä¶",Digital Assets & Crypto
1.58073E+18,1.54056E+18,"RT @smallcappick: Bitcoin PAY 1-day activity: 
Social mentions: 6.23K +56.73%
Social dominance: 0.3226% +56.73%
Bullish sentiment: 4.2K +46‚Ä¶",Digital Assets & Crypto
1.58073E+18,1.57377E+18,@InvestingAngles @Bitcoin @crypto @CNBC @MarketWatch @TheStreet @FT @business Is there anything like it?? https://t.co/bSxzNynFjl,Digital Assets & Crypto
1.58073E+18,155986735,"RT @BitcoinPierre: Bitcoin is big. In fact, it's bigger than the internet. It's bigger than email, social media, and smartphones combined.‚Ä¶",Digital Assets & Crypto
1.58073E+18,1.47628E+18,"LilLoquito found #bitcoin in a User vault at this location! Join me playing #coinhuntworld, It's awesome! https://t.co/knzPPKq70b #cryptocurrency #16406 https://t.co/Dm88AgnnM1",Digital Assets & Crypto
1.58073E+18,1.37716E+18,Rich Dad Poor Dad Author Robert Kiyosaki Warns About World War III - https://t.co/UYjNaKIvPC #cryptocurrency #crypto #bitcoin https://t.co/apUHh6XWqA,Digital Assets & Crypto
1.58073E+18,1.37716E+18,Rich Dad Poor Dad Author Robert Kiyosaki Warns About World War III - https://t.co/UYjNaKIvPC #cryptocurrency #crypto #bitcoin https://t.co/apUHh6XWqA,Digital Assets & Crypto
1.58073E+18,1.32066E+18,RT @Ashcryptoreal: I will give $500 #Bitcoin to 5 people in 72hrs just retweet and be following me so I can pm you if you win.,Digital Assets & Crypto
1.58073E+18,1.14682E+18,"Market Cap:

Bitcoin: $372.41 Bn
Ethereum: $158.41 Bn
Tether: $68.428 Bn
USD Coin: $45.455 Bn
BNB: $43.947 Bn
XRP: $24.107 Bn
Binance USD: $21.628 Bn
Cardano: $12.982 Bn
Solana: $10.938 Bn
Dogecoin: $7.9391 Bn",Digital Assets & Crypto
1.58073E+18,1.28878E+18,"This zesty faucet from @_bitcoiner is making me tweet this to claim my free Lightning sats. ‚ö°

@boltcoiner unlock me 14f05e8a-042c-42f7-8875-44944cd56acb

#Bitcoin #BTC #LN #LightningNetwork #boltcoiner
https://t.co/yCkZfNNXrO",Digital Assets & Crypto
1.58073E+18,1.56696E+18,"RT @BtcCheap: #285

Bite Coin

@SuperRare @SuperRareBot @kokoonjr

#bitcoin         #ethereum #nft #nftcommunity #cryptoartist #ETH #BTC #b‚Ä¶",Digital Assets & Crypto
1.58073E+18,1.56696E+18,"RT @BtcCheap: #285

Bite Coin

@SuperRare @SuperRareBot @kokoonjr

#bitcoin         #ethereum #nft #nftcommunity #cryptoartist #ETH #BTC #b‚Ä¶",Digital Assets & Crypto
1.58073E+18,1.56696E+18,"RT @BtcCheap: #285

Bite Coin

@SuperRare @SuperRareBot @kokoonjr

#bitcoin         #ethereum #nft #nftcommunity #cryptoartist #ETH #BTC #b‚Ä¶",Digital Assets & Crypto
1.58073E+18,3186392070,RT @bitharington: Perhaps the real fomo will start when Bitcoin finally reclaims the ~$30K price level and turns it into support again. htt‚Ä¶,Digital Assets & Crypto
1.58073E+18,1.46476E+18,"@MetaLadies_ THE NEXT BLUE CHIP PROJECT
@NFT_RBC

‚óè BITCOIN+ETHEREUM RAFFLES! 
‚óè RUG VICTIM RELIEF FUND
‚óè FULL MINT REIMBURSEMENT
‚óè Validators &amp; High Yield Farms
‚óè Royalty Debit Card with Rewards
(Join now and mention my name for a free WL)

Join https://t.co/HA2SiT0mM9 for giveaways! https://t.co/VpsN3XoKDC",Digital Assets & Crypto
1.58073E+18,1.52137E+18,RT @MartiniGuyYT: #BITCOIN IS LOOKING VOLATILE,Digital Assets & Crypto
1.58073E+18,1.52672E+18,"Inbox me, se voc√™ ainda quer sua conta de volta!!!

Estou dispon√≠vel 24 horas por dia, 7 dias por semana, para todos os servi√ßos de hackers
 #Hack #coinbase #Hacking #bitcoin¬†¬†#BEP2",Digital Assets & Crypto
1.58073E+18,1.55264E+18,"RT @FractionMining: #crypto #giveaway #bitcoin

To celebrate our website going live for Fraction Mining, we are doing a $50 BTC giveaway! üöÄ‚Ä¶",Digital Assets & Crypto
1.58073E+18,1.25654E+18,"Completed all 6 Tasks! Get #Whitelisted for the $HIOD Token Sale on #KuCoin!

https://t.co/jCRHV1B5SP

#crypto #fracton #nft #etf #bayc #otherdeed #cryptopunks #sandbox #ens #bitcoin #ethereum #eth2 #lunc #matic #sol",Digital Assets & Crypto
1.58073E+18,1.50192E+18,"#Bitcoin Last Price $19422 #BTC üöÄ
Weekly Indicators:
‚Ä¢Variation since Monday 00h00(UTC): -0.11%
‚Ä¢MACD:
 -MACD Line: -4163
 -Signal Line: -4670

#Ethereum Last Price $1292 #ETH
‚Ä¢Variation: -2.32%
‚Ä¢MACD:
 -MACD Line: -286
 -Signal Line: -315

#Blockchain #Web3
(5/6)
289318",Digital Assets & Crypto
1.58073E+18,1.5675E+18,"RT @GalaxyTrading_: Important updates in our Latest Youtube video üö®üö®üö®

Where will the #Crypto market reverses, what can we expect from toda‚Ä¶",Technology
1.58073E+18,1.49758E+18,"RT @Openbets_gaming: FIFA World Cup is around the corner.

Predict the winner and earn bitcoin here.

Click the link below to join!‚úçÔ∏è
https‚Ä¶",Digital Assets & Crypto
1.58073E+18,1.38362E+18,"RT @thegadgetsfan: Wow, the details in this thread are giga brain. 

The protocol now earns a yield off it's ETH reserves plus they are imp‚Ä¶",Digital Assets & Crypto
1.58073E+18,19590105,"RT @jemimajoanna: So, like, I went to the Bitcoin Amsterdam conference, was the only nocoiner in the village, said ‚Äúlike‚Äù too much, and bec‚Ä¶",Digital Assets & Crypto
1.58073E+18,4228817655,"RT @moon33_blue: Aprende #Linux as√≠ interactues con #Bitcoin.

Cuando inicia Bitcoin por primera vez, el archivo debug.log se crean autom√°t‚Ä¶",Digital Assets & Crypto
1.58073E+18,1.28901E+18,"RT @tradingview: The S&amp;P 500, Gold, Bitcoin and EURUSD after the CPI Print: https://t.co/AO4FWHpv0Z",Digital Assets & Crypto
1.58073E+18,1.13446E+18,"@MB712933728 Wow, dis you get his last bitcoin update?? Follow MMcrypto on instagram for more bitcoin update https://t.co/ddgveCCW24",Digital Assets & Crypto
1.58073E+18,1.13446E+18,"@MB712933728 Wow, dis you get his last bitcoin update?? Follow MMcrypto on instagram for more bitcoin update https://t.co/ddgveCCW24",Digital Assets & Crypto
1.58073E+18,1.30769E+18,"RT @pet_trading: #MyTradingPet #BITCOIN - SELL at 19414:

-Boundary of Descending Triangle at 19460 (H4)
-Boundary of Descending Triangle a‚Ä¶",Digital Assets & Crypto
1.58073E+18,1.57067E+18,"RT @VSTMEX: üî• V for VICTORY and @VSTMEX! üî•

Be victorious with our #Bitcoin Short-Term #Trading King, the most advanced AI solution to trad‚Ä¶",Digital Assets & Crypto
1.58073E+18,1.08123E+18,"RT @0xSkip: üî• $1000 GIVEAWAY!!! üî•

To celebrate hitting 100K followers recently, I‚Äôll be giving away $1000 in #BNB!

üëâüèªTo enter:
‚úÖ Like &amp; R‚Ä¶",Digital Assets & Crypto
1.58073E+18,1.08123E+18,"RT @0xSkip: üî• $1000 GIVEAWAY!!! üî•

To celebrate hitting 100K followers recently, I‚Äôll be giving away $1000 in #BNB!

üëâüèªTo enter:
‚úÖ Like &amp; R‚Ä¶",Digital Assets & Crypto
1.58073E+18,1.52658E+18,"RT @0xSkip: üî• $1000 GIVEAWAY!!! üî•

To celebrate hitting 100K followers recently, I‚Äôll be giving away $1000 in #BNB!

üëâüèªTo enter:
‚úÖ Like &amp; R‚Ä¶",Digital Assets & Crypto
1.58073E+18,1.33684E+18,Siempre #Bitcoin,Digital Assets & Crypto
1.58073E+18,43456220,RT @jess_btc: Para los Bitcoiners el standard es #Bitcoin y se mide en sats.,Digital Assets & Crypto
1.58073E+18,1.49039E+18,"@belufrancese #RichQUACK ü¶Ü

Click üëá to join our telegram for more information
https://t.co/vZvftRslPS

  @RichQuack
 #Crypto    #BTC¬†¬† #Binance¬†¬† #cryptocurrency #RichquackArmy #QuackArmy #QUACKattack   #100xgem #Bitcoin https://t.co/IGR9Ek2oSX",Digital Assets & Crypto
1.58073E+18,1.27614E+18,"RT @tradegym: #BTC
#Bitcoin

„Åù„ÅÆ„Åæ„Åæ$18000„ÇíÂâ≤„Çã„Å®ÊÄù„ÅÑ„Åæ„Åó„Åü„Åå„Åæ„Å†„Åß„Åó„Åü„Å≠üòé

Á™Å„Å£Ëæº„Åø„Ç∑„Éß„Éº„Éà„ÅåÂ§ö„Åô„Åé„Åæ„Åó„Åü„Å≠üí¶
„Åª„Çì„Å®„ÅÑ„Å§„ÇÇ„Åó„Å£„Åã„Çä‰∏ÅÂØß„Å´„Éù„Ç∏„Ç∑„Éß„É≥„Çí„Ç´„ÉÉ„Éà„Åó„Å´„Åç„Åæ„Åô„Å≠üßê

‰ªï‰∫ã„ÅåÁ¥∞„Åã„ÅÑÔºÅ https://t.co/9qG2Nfspp9",Digital Assets & Crypto
1.58073E+18,1.55934E+18,@Bit71543042 @anndylian @AlveyChain #ATH #bscgems #bscgem #cryptocurrency #altcoin #ownblockchain #cryptocurrency #Crypto #bitcoin‚ÄØ‚ÄØ‚ÄØ #altcoins #metaverse #nft #blockchain #vr #alveychain #Alvey #layer1 buy and hold walv for long term. This project is legit like btc/eth in early stage. https://t.co/cJ9e5P6mfB,Technology
1.58073E+18,3292332352,"RT @JackPosobiec: Russia says Ukraine's entry into NATO would 'guarantee' World War 3

https://t.co/7OrMzWKm6J",Ongoing News Story
1.58073E+18,7.7608E+17,"RT @JackPosobiec: Russia says Ukraine's entry into NATO would 'guarantee' World War 3

https://t.co/7OrMzWKm6J",Ongoing News Story
1.58073E+18,1.34694E+18,"RT @JackPosobiec: Russia says Ukraine's entry into NATO would 'guarantee' World War 3

https://t.co/7OrMzWKm6J",Ongoing News Story
1.58073E+18,1.56181E+18,"RT @JackPosobiec: Russia says Ukraine's entry into NATO would 'guarantee' World War 3

https://t.co/7OrMzWKm6J",Ongoing News Story
1.58073E+18,1.56181E+18,"RT @JackPosobiec: Russia says Ukraine's entry into NATO would 'guarantee' World War 3

https://t.co/7OrMzWKm6J",Ongoing News Story
1.58073E+18,1.56181E+18,"RT @JackPosobiec: Russia says Ukraine's entry into NATO would 'guarantee' World War 3

https://t.co/7OrMzWKm6J",Ongoing News Story
1.58073E+18,1.56181E+18,"RT @JackPosobiec: Russia says Ukraine's entry into NATO would 'guarantee' World War 3

https://t.co/7OrMzWKm6J",Ongoing News Story
1.58073E+18,1.56181E+18,"RT @JackPosobiec: Russia says Ukraine's entry into NATO would 'guarantee' World War 3

https://t.co/7OrMzWKm6J",Ongoing News Story
1.58073E+18,1.56181E+18,"RT @JackPosobiec: Russia says Ukraine's entry into NATO would 'guarantee' World War 3

https://t.co/7OrMzWKm6J",Ongoing News Story
1.58073E+18,1.56181E+18,"RT @JackPosobiec: Russia says Ukraine's entry into NATO would 'guarantee' World War 3

https://t.co/7OrMzWKm6J",Ongoing News Story
1.58073E+18,1.56181E+18,"RT @JackPosobiec: Russia says Ukraine's entry into NATO would 'guarantee' World War 3

https://t.co/7OrMzWKm6J",Ongoing News Story
1.58073E+18,1.56181E+18,"RT @JackPosobiec: Russia says Ukraine's entry into NATO would 'guarantee' World War 3

https://t.co/7OrMzWKm6J",Ongoing News Story
1.58073E+18,1.56181E+18,"RT @JackPosobiec: Russia says Ukraine's entry into NATO would 'guarantee' World War 3

https://t.co/7OrMzWKm6J",Ongoing News Story
1.58073E+18,1.46036E+18,"RT @JackPosobiec: Russia says Ukraine's entry into NATO would 'guarantee' World War 3

https://t.co/7OrMzWKm6J",Ongoing News Story
1.58073E+18,726350059,"RT @JackPosobiec: Russia says Ukraine's entry into NATO would 'guarantee' World War 3

https://t.co/7OrMzWKm6J",Ongoing News Story
1.58073E+18,68819461,"RT @JackPosobiec: Russia says Ukraine's entry into NATO would 'guarantee' World War 3

https://t.co/7OrMzWKm6J",Ongoing News Story
1.58073E+18,68819461,"RT @JackPosobiec: Russia says Ukraine's entry into NATO would 'guarantee' World War 3

https://t.co/7OrMzWKm6J",Ongoing News Story
1.58073E+18,68819461,"RT @JackPosobiec: Russia says Ukraine's entry into NATO would 'guarantee' World War 3

https://t.co/7OrMzWKm6J",Ongoing News Story
1.58073E+18,68819461,"RT @JackPosobiec: Russia says Ukraine's entry into NATO would 'guarantee' World War 3

https://t.co/7OrMzWKm6J",Ongoing News Story
1.58073E+18,68819461,"RT @JackPosobiec: Russia says Ukraine's entry into NATO would 'guarantee' World War 3

https://t.co/7OrMzWKm6J",Ongoing News Story
1.58073E+18,68819461,"RT @JackPosobiec: Russia says Ukraine's entry into NATO would 'guarantee' World War 3

https://t.co/7OrMzWKm6J",Ongoing News Story
1.58073E+18,68819461,"RT @JackPosobiec: Russia says Ukraine's entry into NATO would 'guarantee' World War 3

https://t.co/7OrMzWKm6J",Ongoing News Story
1.58073E+18,68819461,"RT @JackPosobiec: Russia says Ukraine's entry into NATO would 'guarantee' World War 3

https://t.co/7OrMzWKm6J",Ongoing News Story
1.58073E+18,68819461,"RT @JackPosobiec: Russia says Ukraine's entry into NATO would 'guarantee' World War 3

https://t.co/7OrMzWKm6J",Ongoing News Story
1.58073E+18,8.68809E+17,"RT @JackPosobiec: Russia says Ukraine's entry into NATO would 'guarantee' World War 3

https://t.co/7OrMzWKm6J",Ongoing News Story
1.58073E+18,31409228,"RT @JackPosobiec: Russia says Ukraine's entry into NATO would 'guarantee' World War 3

https://t.co/7OrMzWKm6J",Ongoing News Story
1.58073E+18,31409228,"RT @JackPosobiec: Russia says Ukraine's entry into NATO would 'guarantee' World War 3

https://t.co/7OrMzWKm6J",Ongoing News Story
1.58073E+18,1.21405E+18,"RT @JackPosobiec: Russia says Ukraine's entry into NATO would 'guarantee' World War 3

https://t.co/7OrMzWKm6J",Ongoing News Story
1.58073E+18,1.51117E+18,"RT @JackPosobiec: Russia says Ukraine's entry into NATO would 'guarantee' World War 3

https://t.co/7OrMzWKm6J",Ongoing News Story
1.58073E+18,1.43248E+18,"RT @Bubblebathgirl: Russia just said if Ukraine enters NATO that would guarantee World War 3.

Why are Democrats pushing for this?

ü§î",Ongoing News Story
1.58072E+18,904752541,"RT @JackPosobiec: Russia says Ukraine's entry into NATO would 'guarantee' World War 3

https://t.co/7OrMzWKm6J",Ongoing News Story
1.58072E+18,3247276842,"RT @JackPosobiec: Russia says Ukraine's entry into NATO would 'guarantee' World War 3

https://t.co/7OrMzWKm6J",Ongoing News Story
1.58072E+18,3247276842,"RT @JackPosobiec: Russia says Ukraine's entry into NATO would 'guarantee' World War 3

https://t.co/7OrMzWKm6J",Ongoing News Story
1.58072E+18,1.51876E+18,"RT @JackPosobiec: Russia says Ukraine's entry into NATO would 'guarantee' World War 3

https://t.co/7OrMzWKm6J",Ongoing News Story
1.58072E+18,1.17766E+18,Pandemic's over. Global economic downturn is ongoing. World war 3 next?,Ongoing News Story
1.58072E+18,904752541,"RT @Bubblebathgirl: Russia just said if Ukraine enters NATO that would guarantee World War 3.

Why are Democrats pushing for this?

ü§î",Ongoing News Story
1.58072E+18,7.0902E+17,"RT @JackPosobiec: Russia says Ukraine's entry into NATO would 'guarantee' World War 3

https://t.co/7OrMzWKm6J",Ongoing News Story
1.58072E+18,166134301,RT @USA_Anne711: üî•Russia says Ukraine's entry into NATO would 'guarantee' World War 3: üìåKyiv is aware that Ukraine joining NAT would mean a‚Ä¶,Ongoing News Story
1.58072E+18,435176139,"RT @JackPosobiec: Russia says Ukraine's entry into NATO would 'guarantee' World War 3

https://t.co/7OrMzWKm6J",Ongoing News Story
1.58072E+18,1.35372E+18,"RT @JackPosobiec: Russia says Ukraine's entry into NATO would 'guarantee' World War 3

https://t.co/7OrMzWKm6J",Ongoing News Story
1.58072E+18,1.35372E+18,"RT @JackPosobiec: Russia says Ukraine's entry into NATO would 'guarantee' World War 3

https://t.co/7OrMzWKm6J",Ongoing News Story
1.58072E+18,7.07738E+17,"RT @JackPosobiec: Russia says Ukraine's entry into NATO would 'guarantee' World War 3

https://t.co/7OrMzWKm6J",Ongoing News Story
1.58072E+18,1.58069E+18,"RT @Bubblebathgirl: Russia just said if Ukraine enters NATO that would guarantee World War 3.

Why are Democrats pushing for this?

ü§î",Ongoing News Story
1.58072E+18,2518908922,"RT @JackPosobiec: Russia says Ukraine's entry into NATO would 'guarantee' World War 3

https://t.co/7OrMzWKm6J",Ongoing News Story
1.58072E+18,3044233482,"RT @JackPosobiec: Russia says Ukraine's entry into NATO would 'guarantee' World War 3

https://t.co/7OrMzWKm6J",Ongoing News Story
1.58072E+18,1.4231E+18,"RT @JackPosobiec: Russia says Ukraine's entry into NATO would 'guarantee' World War 3

https://t.co/7OrMzWKm6J",Ongoing News Story
1.58072E+18,1.4231E+18,"RT @JackPosobiec: Russia says Ukraine's entry into NATO would 'guarantee' World War 3

https://t.co/7OrMzWKm6J",Ongoing News Story
1.58072E+18,23326606,"RT @JackPosobiec: Russia says Ukraine's entry into NATO would 'guarantee' World War 3

https://t.co/7OrMzWKm6J",Ongoing News Story
1.58072E+18,23326606,"RT @JackPosobiec: Russia says Ukraine's entry into NATO would 'guarantee' World War 3

https://t.co/7OrMzWKm6J",Ongoing News Story
1.58072E+18,23326606,"RT @JackPosobiec: Russia says Ukraine's entry into NATO would 'guarantee' World War 3

https://t.co/7OrMzWKm6J",Ongoing News Story
1.58072E+18,23326606,"RT @JackPosobiec: Russia says Ukraine's entry into NATO would 'guarantee' World War 3

https://t.co/7OrMzWKm6J",Ongoing News Story
1.58072E+18,1.51076E+18,"RT @JackPosobiec: Russia says Ukraine's entry into NATO would 'guarantee' World War 3

https://t.co/7OrMzWKm6J",Ongoing News Story
1.58072E+18,1.51076E+18,"RT @JackPosobiec: Russia says Ukraine's entry into NATO would 'guarantee' World War 3

https://t.co/7OrMzWKm6J",Ongoing News Story
1.58072E+18,1.51076E+18,"RT @JackPosobiec: Russia says Ukraine's entry into NATO would 'guarantee' World War 3

https://t.co/7OrMzWKm6J",Ongoing News Story
1.58072E+18,1.52415E+18,RT @USA_Anne711: üî•Russia says Ukraine's entry into NATO would 'guarantee' World War 3: üìåKyiv is aware that Ukraine joining NAT would mean a‚Ä¶,Ongoing News Story
1.58072E+18,1.12835E+18,"RT @JackPosobiec: Russia says Ukraine's entry into NATO would 'guarantee' World War 3

https://t.co/7OrMzWKm6J",Ongoing News Story
1.58072E+18,1.12835E+18,"RT @JackPosobiec: Russia says Ukraine's entry into NATO would 'guarantee' World War 3

https://t.co/7OrMzWKm6J",Ongoing News Story
1.58072E+18,1.12835E+18,"RT @JackPosobiec: Russia says Ukraine's entry into NATO would 'guarantee' World War 3

https://t.co/7OrMzWKm6J",Ongoing News Story
1.58072E+18,1.12835E+18,"RT @JackPosobiec: Russia says Ukraine's entry into NATO would 'guarantee' World War 3

https://t.co/7OrMzWKm6J",Ongoing News Story
1.58072E+18,1.12835E+18,"RT @JackPosobiec: Russia says Ukraine's entry into NATO would 'guarantee' World War 3

https://t.co/7OrMzWKm6J",Ongoing News Story
1.58072E+18,2751892881,"RT @JackPosobiec: Russia says Ukraine's entry into NATO would 'guarantee' World War 3

https://t.co/7OrMzWKm6J",Ongoing News Story
1.58072E+18,1.48758E+18,"RT @JackPosobiec: Russia says Ukraine's entry into NATO would 'guarantee' World War 3

https://t.co/7OrMzWKm6J",Ongoing News Story
1.58072E+18,1.48758E+18,"RT @JackPosobiec: Russia says Ukraine's entry into NATO would 'guarantee' World War 3

https://t.co/7OrMzWKm6J",Ongoing News Story
1.58072E+18,1300448930,"Mr. Macron! 
When No one wants any conflict nor any smothering that may lead this unwanted world war 3. 
You should come forward and dilute this sediment of dm confliction between Ukraine and Russia.",Ongoing News Story
1.58072E+18,4833720963,"RT @Bubblebathgirl: Russia just said if Ukraine enters NATO that would guarantee World War 3.

Why are Democrats pushing for this?

ü§î",Ongoing News Story
1.58072E+18,4833720963,"RT @Bubblebathgirl: Russia just said if Ukraine enters NATO that would guarantee World War 3.

Why are Democrats pushing for this?

ü§î",Ongoing News Story
1.58072E+18,4833720963,"RT @Bubblebathgirl: Russia just said if Ukraine enters NATO that would guarantee World War 3.

Why are Democrats pushing for this?

ü§î",Ongoing News Story
1.58072E+18,4833720963,"RT @Bubblebathgirl: Russia just said if Ukraine enters NATO that would guarantee World War 3.

Why are Democrats pushing for this?

ü§î",Ongoing News Story
1.58072E+18,4833720963,"RT @Bubblebathgirl: Russia just said if Ukraine enters NATO that would guarantee World War 3.

Why are Democrats pushing for this?

ü§î",Ongoing News Story
1.58072E+18,196116215,"RT @JackPosobiec: Russia says Ukraine's entry into NATO would 'guarantee' World War 3

https://t.co/7OrMzWKm6J",Ongoing News Story
1.58072E+18,1.00778E+18,RT @USA_Anne711: üî•Russia says Ukraine's entry into NATO would 'guarantee' World War 3: üìåKyiv is aware that Ukraine joining NAT would mean a‚Ä¶,Ongoing News Story
1.58072E+18,1.00778E+18,RT @USA_Anne711: üî•Russia says Ukraine's entry into NATO would 'guarantee' World War 3: üìåKyiv is aware that Ukraine joining NAT would mean a‚Ä¶,Ongoing News Story
1.58072E+18,1.00778E+18,RT @USA_Anne711: üî•Russia says Ukraine's entry into NATO would 'guarantee' World War 3: üìåKyiv is aware that Ukraine joining NAT would mean a‚Ä¶,Ongoing News Story
1.58072E+18,1.00778E+18,RT @USA_Anne711: üî•Russia says Ukraine's entry into NATO would 'guarantee' World War 3: üìåKyiv is aware that Ukraine joining NAT would mean a‚Ä¶,Ongoing News Story
1.58072E+18,1.00778E+18,RT @USA_Anne711: üî•Russia says Ukraine's entry into NATO would 'guarantee' World War 3: üìåKyiv is aware that Ukraine joining NAT would mean a‚Ä¶,Ongoing News Story
1.58072E+18,1.00778E+18,RT @USA_Anne711: üî•Russia says Ukraine's entry into NATO would 'guarantee' World War 3: üìåKyiv is aware that Ukraine joining NAT would mean a‚Ä¶,Ongoing News Story
1.58072E+18,1.00778E+18,RT @USA_Anne711: üî•Russia says Ukraine's entry into NATO would 'guarantee' World War 3: üìåKyiv is aware that Ukraine joining NAT would mean a‚Ä¶,Ongoing News Story
1.58072E+18,1.00778E+18,RT @USA_Anne711: üî•Russia says Ukraine's entry into NATO would 'guarantee' World War 3: üìåKyiv is aware that Ukraine joining NAT would mean a‚Ä¶,Ongoing News Story
1.58072E+18,1.00778E+18,RT @USA_Anne711: üî•Russia says Ukraine's entry into NATO would 'guarantee' World War 3: üìåKyiv is aware that Ukraine joining NAT would mean a‚Ä¶,Ongoing News Story
1.58072E+18,1.00778E+18,RT @USA_Anne711: üî•Russia says Ukraine's entry into NATO would 'guarantee' World War 3: üìåKyiv is aware that Ukraine joining NAT would mean a‚Ä¶,Ongoing News Story
1.58073E+18,1.57853E+18,"RT @alqsyy: üì∏üì∏ SELFIE WHITELIST GIVEAWAY üì∏üì∏
üìå Upcoming On Ethereum Network
We will be giving away:
üì∏ 10X WL Spot for @Selfiesnft, an Exclus‚Ä¶",Digital Assets & Crypto
1.58073E+18,2369810251,i just got a youtube ad for fkn emvoice üíÄ !!!! https://t.co/Lrq9c2uN0t,Technology
1.58073E+18,1.46755E+18,"RT @NFTC0MMUNITY: Drop your #ETH wallet - don‚Äôt ask why!

‚úÖRT, Like, Follow + @_InvsbleFriends

#AD #NFTsales #NFTGiveaway #NFTCommunity #N‚Ä¶",Digital Assets & Crypto
1.58073E+18,1.46755E+18,"RT @NFTC0MMUNITY: Drop your #ETH wallet - don‚Äôt ask why!

‚úÖRT, Like, Follow + @_InvsbleFriends

#AD #NFTsales #NFTGiveaway #NFTCommunity #N‚Ä¶",Digital Assets & Crypto
1.58073E+18,1.46755E+18,"RT @NFTC0MMUNITY: Drop your #ETH wallet - don‚Äôt ask why!

‚úÖRT, Like, Follow + @_InvsbleFriends

#AD #NFTsales #NFTGiveaway #NFTCommunity #N‚Ä¶",Digital Assets & Crypto
1.58073E+18,1.46755E+18,"RT @NFTC0MMUNITY: Drop your #ETH wallet - don‚Äôt ask why!

‚úÖRT, Like, Follow + @_InvsbleFriends

#AD #NFTsales #NFTGiveaway #NFTCommunity #N‚Ä¶",Digital Assets & Crypto
1.58073E+18,1.46755E+18,"RT @NFTC0MMUNITY: Drop your #ETH wallet - don‚Äôt ask why!

‚úÖRT, Like, Follow + @_InvsbleFriends

#AD #NFTsales #NFTGiveaway #NFTCommunity #N‚Ä¶",Digital Assets & Crypto
1.58073E+18,1.46755E+18,"RT @NFTC0MMUNITY: Drop your #ETH wallet - don‚Äôt ask why!

‚úÖRT, Like, Follow + @_InvsbleFriends

#AD #NFTsales #NFTGiveaway #NFTCommunity #N‚Ä¶",Digital Assets & Crypto
1.58073E+18,1.46755E+18,"RT @NFTC0MMUNITY: Drop your #ETH wallet - don‚Äôt ask why!

‚úÖRT, Like, Follow + @_InvsbleFriends

#AD #NFTsales #NFTGiveaway #NFTCommunity #N‚Ä¶",Digital Assets & Crypto
1.58073E+18,1.46755E+18,"RT @NFTC0MMUNITY: Drop your #ETH wallet - don‚Äôt ask why!

‚úÖRT, Like, Follow + @_InvsbleFriends

#AD #NFTsales #NFTGiveaway #NFTCommunity #N‚Ä¶",Digital Assets & Crypto
1.58073E+18,1.46755E+18,"RT @NFTC0MMUNITY: Drop your #ETH wallet - don‚Äôt ask why!

‚úÖRT, Like, Follow + @_InvsbleFriends

#AD #NFTsales #NFTGiveaway #NFTCommunity #N‚Ä¶",Digital Assets & Crypto
1.58073E+18,1.46755E+18,"RT @NFTC0MMUNITY: Drop your #ETH wallet - don‚Äôt ask why!

‚úÖRT, Like, Follow + @_InvsbleFriends

#AD #NFTsales #NFTGiveaway #NFTCommunity #N‚Ä¶",Digital Assets & Crypto
1.58073E+18,1.46755E+18,"RT @NFTC0MMUNITY: Drop your #ETH wallet - don‚Äôt ask why!

‚úÖRT, Like, Follow + @_InvsbleFriends

#AD #NFTsales #NFTGiveaway #NFTCommunity #N‚Ä¶",Digital Assets & Crypto
1.58073E+18,1.46755E+18,"RT @NFTC0MMUNITY: Drop your #ETH wallet - don‚Äôt ask why!

‚úÖRT, Like, Follow + @_InvsbleFriends

#AD #NFTsales #NFTGiveaway #NFTCommunity #N‚Ä¶",Digital Assets & Crypto
1.58073E+18,1.46755E+18,"RT @NFTC0MMUNITY: Drop your #ETH wallet - don‚Äôt ask why!

‚úÖRT, Like, Follow + @_InvsbleFriends

#AD #NFTsales #NFTGiveaway #NFTCommunity #N‚Ä¶",Digital Assets & Crypto
1.58073E+18,1.46755E+18,"RT @NFTC0MMUNITY: Drop your #ETH wallet - don‚Äôt ask why!

‚úÖRT, Like, Follow + @_InvsbleFriends

#AD #NFTsales #NFTGiveaway #NFTCommunity #N‚Ä¶",Digital Assets & Crypto
1.58073E+18,1.46755E+18,"RT @NFTC0MMUNITY: Drop your #ETH wallet - don‚Äôt ask why!

‚úÖRT, Like, Follow + @_InvsbleFriends

#AD #NFTsales #NFTGiveaway #NFTCommunity #N‚Ä¶",Digital Assets & Crypto
1.58073E+18,1.46755E+18,"RT @NFTC0MMUNITY: Drop your #ETH wallet - don‚Äôt ask why!

‚úÖRT, Like, Follow + @_InvsbleFriends

#AD #NFTsales #NFTGiveaway #NFTCommunity #N‚Ä¶",Digital Assets & Crypto
1.58073E+18,1.46755E+18,"RT @NFTC0MMUNITY: Drop your #ETH wallet - don‚Äôt ask why!

‚úÖRT, Like, Follow + @_InvsbleFriends

#AD #NFTsales #NFTGiveaway #NFTCommunity #N‚Ä¶",Digital Assets & Crypto
1.58073E+18,1.46755E+18,"RT @NFTC0MMUNITY: Drop your #ETH wallet - don‚Äôt ask why!

‚úÖRT, Like, Follow + @_InvsbleFriends

#AD #NFTsales #NFTGiveaway #NFTCommunity #N‚Ä¶",Digital Assets & Crypto
1.58073E+18,1.46755E+18,"RT @NFTC0MMUNITY: Drop your #ETH wallet - don‚Äôt ask why!

‚úÖRT, Like, Follow + @_InvsbleFriends

#AD #NFTsales #NFTGiveaway #NFTCommunity #N‚Ä¶",Digital Assets & Crypto
1.58073E+18,1.46755E+18,"RT @NFTC0MMUNITY: Drop your #ETH wallet - don‚Äôt ask why!

‚úÖRT, Like, Follow + @_InvsbleFriends

#AD #NFTsales #NFTGiveaway #NFTCommunity #N‚Ä¶",Digital Assets & Crypto
1.58073E+18,1.46755E+18,"RT @NFTC0MMUNITY: Drop your #ETH wallet - don‚Äôt ask why!

‚úÖRT, Like, Follow + @_InvsbleFriends

#AD #NFTsales #NFTGiveaway #NFTCommunity #N‚Ä¶",Digital Assets & Crypto
1.58073E+18,1.46755E+18,"RT @NFTC0MMUNITY: Drop your #ETH wallet - don‚Äôt ask why!

‚úÖRT, Like, Follow + @_InvsbleFriends

#AD #NFTsales #NFTGiveaway #NFTCommunity #N‚Ä¶",Digital Assets & Crypto
1.58073E+18,1.46755E+18,"RT @NFTC0MMUNITY: Drop your #ETH wallet - don‚Äôt ask why!

‚úÖRT, Like, Follow + @_InvsbleFriends

#AD #NFTsales #NFTGiveaway #NFTCommunity #N‚Ä¶",Digital Assets & Crypto
1.58073E+18,1.46755E+18,"RT @NFTC0MMUNITY: Drop your #ETH wallet - don‚Äôt ask why!

‚úÖRT, Like, Follow + @_InvsbleFriends

#AD #NFTsales #NFTGiveaway #NFTCommunity #N‚Ä¶",Digital Assets & Crypto
1.58073E+18,1.46755E+18,"RT @NFTC0MMUNITY: Drop your #ETH wallet - don‚Äôt ask why!

‚úÖRT, Like, Follow + @_InvsbleFriends

#AD #NFTsales #NFTGiveaway #NFTCommunity #N‚Ä¶",Digital Assets & Crypto
1.58073E+18,1.46755E+18,"RT @NFTC0MMUNITY: Drop your #ETH wallet - don‚Äôt ask why!

‚úÖRT, Like, Follow + @_InvsbleFriends

#AD #NFTsales #NFTGiveaway #NFTCommunity #N‚Ä¶",Digital Assets & Crypto
1.58073E+18,1.46755E+18,"RT @NFTC0MMUNITY: Drop your #ETH wallet - don‚Äôt ask why!

‚úÖRT, Like, Follow + @_InvsbleFriends

#AD #NFTsales #NFTGiveaway #NFTCommunity #N‚Ä¶",Digital Assets & Crypto
1.58073E+18,1.46755E+18,"RT @NFTC0MMUNITY: Drop your #ETH wallet - don‚Äôt ask why!

‚úÖRT, Like, Follow + @_InvsbleFriends

#AD #NFTsales #NFTGiveaway #NFTCommunity #N‚Ä¶",Digital Assets & Crypto
1.58073E+18,1.46755E+18,"RT @NFTC0MMUNITY: Drop your #ETH wallet - don‚Äôt ask why!

‚úÖRT, Like, Follow + @_InvsbleFriends

#AD #NFTsales #NFTGiveaway #NFTCommunity #N‚Ä¶",Digital Assets & Crypto
1.58073E+18,1.46755E+18,"RT @NFTC0MMUNITY: Drop your #ETH wallet - don‚Äôt ask why!

‚úÖRT, Like, Follow + @_InvsbleFriends

#AD #NFTsales #NFTGiveaway #NFTCommunity #N‚Ä¶",Digital Assets & Crypto
1.58073E+18,1.46755E+18,"RT @NFTC0MMUNITY: Drop your #ETH wallet - don‚Äôt ask why!

‚úÖRT, Like, Follow + @_InvsbleFriends

#AD #NFTsales #NFTGiveaway #NFTCommunity #N‚Ä¶",Digital Assets & Crypto
1.58073E+18,1.46755E+18,"RT @NFTC0MMUNITY: Drop your #ETH wallet - don‚Äôt ask why!

‚úÖRT, Like, Follow + @_InvsbleFriends

#AD #NFTsales #NFTGiveaway #NFTCommunity #N‚Ä¶",Digital Assets & Crypto
1.58073E+18,1.46755E+18,"RT @NFTC0MMUNITY: Drop your #ETH wallet - don‚Äôt ask why!

‚úÖRT, Like, Follow + @_InvsbleFriends

#AD #NFTsales #NFTGiveaway #NFTCommunity #N‚Ä¶",Digital Assets & Crypto
1.58073E+18,1.46755E+18,"RT @NFTC0MMUNITY: Drop your #ETH wallet - don‚Äôt ask why!

‚úÖRT, Like, Follow + @_InvsbleFriends

#AD #NFTsales #NFTGiveaway #NFTCommunity #N‚Ä¶",Digital Assets & Crypto
1.58073E+18,1.46755E+18,"RT @NFTC0MMUNITY: Drop your #ETH wallet - don‚Äôt ask why!

‚úÖRT, Like, Follow + @_InvsbleFriends

#AD #NFTsales #NFTGiveaway #NFTCommunity #N‚Ä¶",Digital Assets & Crypto
1.58073E+18,1.46755E+18,"RT @NFTC0MMUNITY: Drop your #ETH wallet - don‚Äôt ask why!

‚úÖRT, Like, Follow + @_InvsbleFriends

#AD #NFTsales #NFTGiveaway #NFTCommunity #N‚Ä¶",Digital Assets & Crypto
1.58073E+18,1.46755E+18,"RT @NFTC0MMUNITY: Drop your #ETH wallet - don‚Äôt ask why!

‚úÖRT, Like, Follow + @_InvsbleFriends

#AD #NFTsales #NFTGiveaway #NFTCommunity #N‚Ä¶",Digital Assets & Crypto
1.58073E+18,1.46755E+18,"RT @NFTC0MMUNITY: Drop your #ETH wallet - don‚Äôt ask why!

‚úÖRT, Like, Follow + @_InvsbleFriends

#AD #NFTsales #NFTGiveaway #NFTCommunity #N‚Ä¶",Digital Assets & Crypto
1.58073E+18,1.46755E+18,"RT @NFTC0MMUNITY: Drop your #ETH wallet - don‚Äôt ask why!

‚úÖRT, Like, Follow + @_InvsbleFriends

#AD #NFTsales #NFTGiveaway #NFTCommunity #N‚Ä¶",Digital Assets & Crypto
1.58073E+18,1.46755E+18,"RT @NFTC0MMUNITY: Drop your #ETH wallet - don‚Äôt ask why!

‚úÖRT, Like, Follow + @_InvsbleFriends

#AD #NFTsales #NFTGiveaway #NFTCommunity #N‚Ä¶",Digital Assets & Crypto
1.58073E+18,1.46755E+18,"RT @NFTC0MMUNITY: Drop your #ETH wallet - don‚Äôt ask why!

‚úÖRT, Like, Follow + @_InvsbleFriends

#AD #NFTsales #NFTGiveaway #NFTCommunity #N‚Ä¶",Digital Assets & Crypto
1.58073E+18,1.46755E+18,"RT @NFTC0MMUNITY: Drop your #ETH wallet - don‚Äôt ask why!

‚úÖRT, Like, Follow + @_InvsbleFriends

#AD #NFTsales #NFTGiveaway #NFTCommunity #N‚Ä¶",Digital Assets & Crypto
1.58073E+18,1.46755E+18,"RT @NFTC0MMUNITY: Drop your #ETH wallet - don‚Äôt ask why!

‚úÖRT, Like, Follow + @_InvsbleFriends

#AD #NFTsales #NFTGiveaway #NFTCommunity #N‚Ä¶",Digital Assets & Crypto
1.58073E+18,1.46755E+18,"RT @NFTC0MMUNITY: Drop your #ETH wallet - don‚Äôt ask why!

‚úÖRT, Like, Follow + @_InvsbleFriends

#AD #NFTsales #NFTGiveaway #NFTCommunity #N‚Ä¶",Digital Assets & Crypto
1.58073E+18,1.46755E+18,"RT @NFTC0MMUNITY: Drop your #ETH wallet - don‚Äôt ask why!

‚úÖRT, Like, Follow + @_InvsbleFriends

#AD #NFTsales #NFTGiveaway #NFTCommunity #N‚Ä¶",Digital Assets & Crypto
1.58073E+18,1.46755E+18,"RT @NFTC0MMUNITY: Drop your #ETH wallet - don‚Äôt ask why!

‚úÖRT, Like, Follow + @_InvsbleFriends

#AD #NFTsales #NFTGiveaway #NFTCommunity #N‚Ä¶",Digital Assets & Crypto
1.58073E+18,1.34292E+18,"[DELAYED 90 SECONDS] [$14.99]
Vintage SPEIDEL USA Gold Tone ID Bracelet NOS Jewelers Estat
Source: ebay Listing
Reason: Sold by gsmom03

09:10:50.8790 PM EDT #Ad

https://t.co/YElf1rZ27R",Technology
1.58073E+18,1.34292E+18,"[DELAYED 90 SECONDS] [$12.99]
NOS Vintage Speidel Twist-On Stretch Stainless Steel Watch B
Source: ebay Listing
Reason: Sold by gsmom03

09:10:50.8460 PM EDT #Ad

https://t.co/YGHFcwHsVY",Technology
1.58073E+18,1.34292E+18,"[DELAYED 90 SECONDS] [$12.99]
NOS Vintage Speidel Twist-On Stretch Stainless Steel Watch B
Source: ebay Listing
Reason: Sold by gsmom03

09:10:50.8460 PM EDT #Ad

https://t.co/YGHFcwHsVY",Technology
1.58073E+18,1.34292E+18,"[DELAYED 90 SECONDS] [$12.99]
NOS Vintage Speidel Twist-On Stretch Stainless Steel Watch B
Source: ebay Listing
Reason: Sold by gsmom03

09:10:50.8460 PM EDT #Ad

https://t.co/YGHFcwHsVY",Technology
1.58073E+18,1.34292E+18,"[DELAYED 90 SECONDS] [$12.99]
NOS Vintage Speidel Twist-On Stretch Stainless Steel Watch B
Source: ebay Listing
Reason: Sold by gsmom03

09:10:50.8460 PM EDT #Ad

https://t.co/YGHFcwHsVY",Technology
1.58073E+18,1.34292E+18,"[DELAYED 90 SECONDS] [$12.99]
NOS Vintage Speidel Twist-On Stretch Stainless Steel Watch B
Source: ebay Listing
Reason: Sold by gsmom03

09:10:50.8460 PM EDT #Ad

https://t.co/YGHFcwHsVY",Technology
1.58073E+18,1.34292E+18,"[DELAYED 90 SECONDS] [$12.99]
NOS Vintage Speidel Twist-On Stretch Stainless Steel Watch B
Source: ebay Listing
Reason: Sold by gsmom03

09:10:50.8460 PM EDT #Ad

https://t.co/YGHFcwHsVY",Technology
1.58073E+18,1.34292E+18,"[DELAYED 90 SECONDS] [$12.99]
NOS Vintage Speidel Twist-On Stretch Stainless Steel Watch B
Source: ebay Listing
Reason: Sold by gsmom03

09:10:50.8460 PM EDT #Ad

https://t.co/YGHFcwHsVY",Technology
1.58073E+18,1.34292E+18,"[DELAYED 90 SECONDS] [$12.99]
NOS Vintage Speidel Twist-On Stretch Stainless Steel Watch B
Source: ebay Listing
Reason: Sold by gsmom03

09:10:50.8460 PM EDT #Ad

https://t.co/YGHFcwHsVY",Technology
1.58073E+18,1.34292E+18,"[DELAYED 90 SECONDS] [$12.99]
NOS Vintage Speidel Twist-On Stretch Stainless Steel Watch B
Source: ebay Listing
Reason: Sold by gsmom03

09:10:50.8460 PM EDT #Ad

https://t.co/YGHFcwHsVY",Technology
1.58073E+18,1.34292E+18,"[DELAYED 90 SECONDS] [$12.99]
NOS Vintage Speidel Twist-On Stretch Stainless Steel Watch B
Source: ebay Listing
Reason: Sold by gsmom03

09:10:50.8460 PM EDT #Ad

https://t.co/YGHFcwHsVY",Technology
1.58073E+18,1.34292E+18,"[DELAYED 90 SECONDS] [$12.99]
NOS Vintage Speidel Twist-On Stretch Stainless Steel Watch B
Source: ebay Listing
Reason: Sold by gsmom03

09:10:50.8460 PM EDT #Ad

https://t.co/YGHFcwHsVY",Technology
1.58073E+18,1.34292E+18,"[DELAYED 90 SECONDS] [$12.99]
NOS Vintage Speidel Twist-On Stretch Stainless Steel Watch B
Source: ebay Listing
Reason: Sold by gsmom03

09:10:50.8460 PM EDT #Ad

https://t.co/YGHFcwHsVY",Technology
1.58073E+18,1.34292E+18,"[DELAYED 90 SECONDS] [$12.99]
NOS Vintage Speidel Twist-On Stretch Stainless Steel Watch B
Source: ebay Listing
Reason: Sold by gsmom03

09:10:50.8460 PM EDT #Ad

https://t.co/YGHFcwHsVY",Technology
1.58073E+18,1.34292E+18,"[DELAYED 90 SECONDS] [$12.99]
NOS Vintage Speidel Twist-On Stretch Stainless Steel Watch B
Source: ebay Listing
Reason: Sold by gsmom03

09:10:50.8460 PM EDT #Ad

https://t.co/YGHFcwHsVY",Technology
1.58073E+18,1.34292E+18,"[DELAYED 90 SECONDS] [$12.99]
NOS Vintage Speidel Twist-On Stretch Stainless Steel Watch B
Source: ebay Listing
Reason: Sold by gsmom03

09:10:50.8460 PM EDT #Ad

https://t.co/YGHFcwHsVY",Technology
1.58073E+18,1.34292E+18,"[DELAYED 90 SECONDS] [$12.99]
NOS Vintage Speidel Twist-On Stretch Stainless Steel Watch B
Source: ebay Listing
Reason: Sold by gsmom03

09:10:50.8460 PM EDT #Ad

https://t.co/YGHFcwHsVY",Technology
1.58073E+18,1.34292E+18,"[DELAYED 90 SECONDS] [$12.99]
NOS Vintage Speidel Twist-On Stretch Stainless Steel Watch B
Source: ebay Listing
Reason: Sold by gsmom03

09:10:50.8460 PM EDT #Ad

https://t.co/YGHFcwHsVY",Technology
1.58073E+18,1.34292E+18,"[DELAYED 90 SECONDS] [$12.99]
NOS Vintage Speidel Twist-On Stretch Stainless Steel Watch B
Source: ebay Listing
Reason: Sold by gsmom03

09:10:50.8460 PM EDT #Ad

https://t.co/YGHFcwHsVY",Technology
1.58073E+18,1.34292E+18,"[DELAYED 90 SECONDS] [$12.99]
NOS Vintage Speidel Twist-On Stretch Stainless Steel Watch B
Source: ebay Listing
Reason: Sold by gsmom03

09:10:50.8460 PM EDT #Ad

https://t.co/YGHFcwHsVY",Technology
1.58073E+18,1.34292E+18,"[DELAYED 90 SECONDS] [$12.99]
NOS Vintage Speidel Twist-On Stretch Stainless Steel Watch B
Source: ebay Listing
Reason: Sold by gsmom03

09:10:50.8460 PM EDT #Ad

https://t.co/YGHFcwHsVY",Technology
1.58073E+18,1.34292E+18,"[DELAYED 90 SECONDS] [$12.99]
NOS Vintage Speidel Twist-On Stretch Stainless Steel Watch B
Source: ebay Listing
Reason: Sold by gsmom03

09:10:50.8460 PM EDT #Ad

https://t.co/YGHFcwHsVY",Technology
1.58073E+18,1.34292E+18,"[DELAYED 90 SECONDS] [$12.99]
NOS Vintage Speidel Twist-On Stretch Stainless Steel Watch B
Source: ebay Listing
Reason: Sold by gsmom03

09:10:50.8460 PM EDT #Ad

https://t.co/YGHFcwHsVY",Technology
1.58073E+18,1.34292E+18,"[DELAYED 90 SECONDS] [$12.99]
NOS Vintage Speidel Twist-On Stretch Stainless Steel Watch B
Source: ebay Listing
Reason: Sold by gsmom03

09:10:50.8460 PM EDT #Ad

https://t.co/YGHFcwHsVY",Technology
1.58073E+18,1.34292E+18,"[DELAYED 90 SECONDS] [$12.99]
NOS Vintage Speidel Twist-On Stretch Stainless Steel Watch B
Source: ebay Listing
Reason: Sold by gsmom03

09:10:50.8460 PM EDT #Ad

https://t.co/YGHFcwHsVY",Technology
1.58073E+18,1.34292E+18,"[DELAYED 90 SECONDS] [$12.99]
NOS Vintage Speidel Twist-On Stretch Stainless Steel Watch B
Source: ebay Listing
Reason: Sold by gsmom03

09:10:50.8460 PM EDT #Ad

https://t.co/YGHFcwHsVY",Technology
1.58073E+18,1.34292E+18,"[DELAYED 90 SECONDS] [$12.99]
NOS Vintage Speidel Twist-On Stretch Stainless Steel Watch B
Source: ebay Listing
Reason: Sold by gsmom03

09:10:50.8460 PM EDT #Ad

https://t.co/YGHFcwHsVY",Technology
1.58073E+18,1.34292E+18,"[DELAYED 90 SECONDS] [$12.99]
NOS Vintage Speidel Twist-On Stretch Stainless Steel Watch B
Source: ebay Listing
Reason: Sold by gsmom03

09:10:50.8460 PM EDT #Ad

https://t.co/YGHFcwHsVY",Technology
1.58073E+18,1.34292E+18,"[DELAYED 90 SECONDS] [$12.99]
NOS Vintage Speidel Twist-On Stretch Stainless Steel Watch B
Source: ebay Listing
Reason: Sold by gsmom03

09:10:50.8460 PM EDT #Ad

https://t.co/YGHFcwHsVY",Technology
1.58073E+18,1.34292E+18,"[DELAYED 90 SECONDS] [$12.99]
NOS Vintage Speidel Twist-On Stretch Stainless Steel Watch B
Source: ebay Listing
Reason: Sold by gsmom03

09:10:50.8460 PM EDT #Ad

https://t.co/YGHFcwHsVY",Technology
1.58073E+18,1.34292E+18,"[DELAYED 90 SECONDS] [$12.99]
NOS Vintage Speidel Twist-On Stretch Stainless Steel Watch B
Source: ebay Listing
Reason: Sold by gsmom03

09:10:50.8460 PM EDT #Ad

https://t.co/YGHFcwHsVY",Technology
1.58073E+18,1.34292E+18,"[DELAYED 90 SECONDS] [$12.99]
NOS Vintage Speidel Twist-On Stretch Stainless Steel Watch B
Source: ebay Listing
Reason: Sold by gsmom03

09:10:50.8460 PM EDT #Ad

https://t.co/YGHFcwHsVY",Technology
1.58073E+18,1.34292E+18,"[DELAYED 90 SECONDS] [$12.99]
NOS Vintage Speidel Twist-On Stretch Stainless Steel Watch B
Source: ebay Listing
Reason: Sold by gsmom03

09:10:50.8460 PM EDT #Ad

https://t.co/YGHFcwHsVY",Technology
1.58073E+18,1.34292E+18,"[DELAYED 90 SECONDS] [$12.99]
NOS Vintage Speidel Twist-On Stretch Stainless Steel Watch B
Source: ebay Listing
Reason: Sold by gsmom03

09:10:50.8460 PM EDT #Ad

https://t.co/YGHFcwHsVY",Technology
1.58073E+18,1.34292E+18,"[DELAYED 90 SECONDS] [$12.99]
NOS Vintage Speidel Twist-On Stretch Stainless Steel Watch B
Source: ebay Listing
Reason: Sold by gsmom03

09:10:50.8460 PM EDT #Ad

https://t.co/YGHFcwHsVY",Technology
1.58073E+18,1.34292E+18,"[DELAYED 90 SECONDS] [$12.99]
NOS Vintage Speidel Twist-On Stretch Stainless Steel Watch B
Source: ebay Listing
Reason: Sold by gsmom03

09:10:50.8460 PM EDT #Ad

https://t.co/YGHFcwHsVY",Technology
1.58073E+18,1.34292E+18,"[DELAYED 90 SECONDS] [$12.99]
NOS Vintage Speidel Twist-On Stretch Stainless Steel Watch B
Source: ebay Listing
Reason: Sold by gsmom03

09:10:50.8460 PM EDT #Ad

https://t.co/YGHFcwHsVY",Technology
1.58073E+18,1.34292E+18,"[DELAYED 90 SECONDS] [$12.99]
NOS Vintage Speidel Twist-On Stretch Stainless Steel Watch B
Source: ebay Listing
Reason: Sold by gsmom03

09:10:50.8460 PM EDT #Ad

https://t.co/YGHFcwHsVY",Technology
1.58073E+18,1.34292E+18,"[DELAYED 90 SECONDS] [$12.99]
NOS Vintage Speidel Twist-On Stretch Stainless Steel Watch B
Source: ebay Listing
Reason: Sold by gsmom03

09:10:50.8460 PM EDT #Ad

https://t.co/YGHFcwHsVY",Technology
1.58073E+18,1.34292E+18,"[DELAYED 90 SECONDS] [$12.99]
NOS Vintage Speidel Twist-On Stretch Stainless Steel Watch B
Source: ebay Listing
Reason: Sold by gsmom03

09:10:50.8460 PM EDT #Ad

https://t.co/YGHFcwHsVY",Technology
1.58073E+18,1.34292E+18,"[DELAYED 90 SECONDS] [$12.99]
NOS Vintage Speidel Twist-On Stretch Stainless Steel Watch B
Source: ebay Listing
Reason: Sold by gsmom03

09:10:50.8460 PM EDT #Ad

https://t.co/YGHFcwHsVY",Technology
1.58073E+18,1.34292E+18,"[DELAYED 90 SECONDS] [$12.99]
NOS Vintage Speidel Twist-On Stretch Stainless Steel Watch B
Source: ebay Listing
Reason: Sold by gsmom03

09:10:50.8460 PM EDT #Ad

https://t.co/YGHFcwHsVY",Technology
1.58073E+18,1.34292E+18,"[DELAYED 90 SECONDS] [$12.99]
NOS Vintage Speidel Twist-On Stretch Stainless Steel Watch B
Source: ebay Listing
Reason: Sold by gsmom03

09:10:50.8460 PM EDT #Ad

https://t.co/YGHFcwHsVY",Technology
1.58073E+18,1.34292E+18,"[DELAYED 90 SECONDS] [$12.99]
NOS Vintage Speidel Twist-On Stretch Stainless Steel Watch B
Source: ebay Listing
Reason: Sold by gsmom03

09:10:50.8460 PM EDT #Ad

https://t.co/YGHFcwHsVY",Technology
1.58073E+18,1.34292E+18,"[DELAYED 90 SECONDS] [$12.99]
NOS Vintage Speidel Twist-On Stretch Stainless Steel Watch B
Source: ebay Listing
Reason: Sold by gsmom03

09:10:50.8460 PM EDT #Ad

https://t.co/YGHFcwHsVY",Technology
1.58073E+18,1.34292E+18,"[DELAYED 90 SECONDS] [$12.99]
NOS Vintage Speidel Twist-On Stretch Stainless Steel Watch B
Source: ebay Listing
Reason: Sold by gsmom03

09:10:50.8460 PM EDT #Ad

https://t.co/YGHFcwHsVY",Technology
1.58073E+18,1.34292E+18,"[DELAYED 90 SECONDS] [$12.99]
NOS Vintage Speidel Twist-On Stretch Stainless Steel Watch B
Source: ebay Listing
Reason: Sold by gsmom03

09:10:50.8460 PM EDT #Ad

https://t.co/YGHFcwHsVY",Technology
1.58073E+18,1.34292E+18,"[DELAYED 90 SECONDS] [$12.99]
NOS Vintage Speidel Twist-On Stretch Stainless Steel Watch B
Source: ebay Listing
Reason: Sold by gsmom03

09:10:50.8460 PM EDT #Ad

https://t.co/YGHFcwHsVY",Technology
1.58073E+18,1.34292E+18,"[DELAYED 90 SECONDS] [$12.99]
NOS Vintage Speidel Twist-On Stretch Stainless Steel Watch B
Source: ebay Listing
Reason: Sold by gsmom03

09:10:50.8460 PM EDT #Ad

https://t.co/YGHFcwHsVY",Technology
1.58073E+18,1.34292E+18,"[DELAYED 90 SECONDS] [$12.99]
NOS Vintage Speidel Twist-On Stretch Stainless Steel Watch B
Source: ebay Listing
Reason: Sold by gsmom03

09:10:50.8460 PM EDT #Ad

https://t.co/YGHFcwHsVY",Technology
1.58073E+18,1.34292E+18,"[DELAYED 90 SECONDS] [$12.99]
NOS Vintage Speidel Twist-On Stretch Stainless Steel Watch B
Source: ebay Listing
Reason: Sold by gsmom03

09:10:50.8460 PM EDT #Ad

https://t.co/YGHFcwHsVY",Technology
1.58073E+18,1.34292E+18,"[DELAYED 90 SECONDS] [$12.99]
NOS Vintage Speidel Twist-On Stretch Stainless Steel Watch B
Source: ebay Listing
Reason: Sold by gsmom03

09:10:50.8460 PM EDT #Ad

https://t.co/YGHFcwHsVY",Technology
1.58073E+18,1.32275E+18,"Ê•ΩÂ§©Â∏ÇÂ†¥„Çª„Éº„É´ÊÉÖÂ†±„Åß„Åô(*¬¥œâÔΩÄ*)
‚ú®Ê∞ó„Å´„Å™„ÇãÊñπ„ÅØ‰ª•‰∏ã„Çí„ÇØ„É™„ÉÉ„ÇØÔºÅ‚ú®

‚è∞24ÊôÇÈñìÈôêÂÆö„Çø„Ç§„É†„Çª„Éº„É´‚è∞
„ÄÄhttps://t.co/dGEYxKfnRX

‚ù§Êñ∞‰Ωú„Ç≥„É¨„ÇØ„Ç∑„Éß„É≥‚ù§
„ÄÄhttps://t.co/4LaO08OxYK

‚ò∫„É™„Ç¢„É´„Çø„Ç§„É†„É©„É≥„Ç≠„É≥„Ç∞‚ò∫
„ÄÄhttps://t.co/iZh2y5GYSt

‚úà#Ê•ΩÂ§©„Éà„É©„Éô„É´ ÁßãÔºÜÂÜ¨ÊóÖSALE‚úà
„ÄÄhttps://t.co/mSU9xCedK7",Technology
1.58073E+18,1.32275E+18,"Ê•ΩÂ§©Â∏ÇÂ†¥„Çª„Éº„É´ÊÉÖÂ†±„Åß„Åô(*¬¥œâÔΩÄ*)
‚ú®Ê∞ó„Å´„Å™„ÇãÊñπ„ÅØ‰ª•‰∏ã„Çí„ÇØ„É™„ÉÉ„ÇØÔºÅ‚ú®

‚è∞24ÊôÇÈñìÈôêÂÆö„Çø„Ç§„É†„Çª„Éº„É´‚è∞
„ÄÄhttps://t.co/dGEYxKfnRX

‚ù§Êñ∞‰Ωú„Ç≥„É¨„ÇØ„Ç∑„Éß„É≥‚ù§
„ÄÄhttps://t.co/4LaO08OxYK

‚ò∫„É™„Ç¢„É´„Çø„Ç§„É†„É©„É≥„Ç≠„É≥„Ç∞‚ò∫
„ÄÄhttps://t.co/iZh2y5GYSt

‚úà#Ê•ΩÂ§©„Éà„É©„Éô„É´ ÁßãÔºÜÂÜ¨ÊóÖSALE‚úà
„ÄÄhttps://t.co/mSU9xCedK7",Technology
1.58073E+18,1.32275E+18,"Ê•ΩÂ§©Â∏ÇÂ†¥„Çª„Éº„É´ÊÉÖÂ†±„Åß„Åô(*¬¥œâÔΩÄ*)
‚ú®Ê∞ó„Å´„Å™„ÇãÊñπ„ÅØ‰ª•‰∏ã„Çí„ÇØ„É™„ÉÉ„ÇØÔºÅ‚ú®

‚è∞24ÊôÇÈñìÈôêÂÆö„Çø„Ç§„É†„Çª„Éº„É´‚è∞
„ÄÄhttps://t.co/dGEYxKfnRX

‚ù§Êñ∞‰Ωú„Ç≥„É¨„ÇØ„Ç∑„Éß„É≥‚ù§
„ÄÄhttps://t.co/4LaO08OxYK

‚ò∫„É™„Ç¢„É´„Çø„Ç§„É†„É©„É≥„Ç≠„É≥„Ç∞‚ò∫
„ÄÄhttps://t.co/iZh2y5GYSt

‚úà#Ê•ΩÂ§©„Éà„É©„Éô„É´ ÁßãÔºÜÂÜ¨ÊóÖSALE‚úà
„ÄÄhttps://t.co/mSU9xCedK7",Technology
1.58073E+18,1.32275E+18,"Ê•ΩÂ§©Â∏ÇÂ†¥„Çª„Éº„É´ÊÉÖÂ†±„Åß„Åô(*¬¥œâÔΩÄ*)
‚ú®Ê∞ó„Å´„Å™„ÇãÊñπ„ÅØ‰ª•‰∏ã„Çí„ÇØ„É™„ÉÉ„ÇØÔºÅ‚ú®

‚è∞24ÊôÇÈñìÈôêÂÆö„Çø„Ç§„É†„Çª„Éº„É´‚è∞
„ÄÄhttps://t.co/dGEYxKfnRX

‚ù§Êñ∞‰Ωú„Ç≥„É¨„ÇØ„Ç∑„Éß„É≥‚ù§
„ÄÄhttps://t.co/4LaO08OxYK

‚ò∫„É™„Ç¢„É´„Çø„Ç§„É†„É©„É≥„Ç≠„É≥„Ç∞‚ò∫
„ÄÄhttps://t.co/iZh2y5GYSt

‚úà#Ê•ΩÂ§©„Éà„É©„Éô„É´ ÁßãÔºÜÂÜ¨ÊóÖSALE‚úà
„ÄÄhttps://t.co/mSU9xCedK7",Technology
1.58073E+18,1.32275E+18,"Ê•ΩÂ§©Â∏ÇÂ†¥„Çª„Éº„É´ÊÉÖÂ†±„Åß„Åô(*¬¥œâÔΩÄ*)
‚ú®Ê∞ó„Å´„Å™„ÇãÊñπ„ÅØ‰ª•‰∏ã„Çí„ÇØ„É™„ÉÉ„ÇØÔºÅ‚ú®

‚è∞24ÊôÇÈñìÈôêÂÆö„Çø„Ç§„É†„Çª„Éº„É´‚è∞
„ÄÄhttps://t.co/dGEYxKfnRX

‚ù§Êñ∞‰Ωú„Ç≥„É¨„ÇØ„Ç∑„Éß„É≥‚ù§
„ÄÄhttps://t.co/4LaO08OxYK

‚ò∫„É™„Ç¢„É´„Çø„Ç§„É†„É©„É≥„Ç≠„É≥„Ç∞‚ò∫
„ÄÄhttps://t.co/iZh2y5GYSt

‚úà#Ê•ΩÂ§©„Éà„É©„Éô„É´ ÁßãÔºÜÂÜ¨ÊóÖSALE‚úà
„ÄÄhttps://t.co/mSU9xCedK7",Technology
1.58073E+18,1.32275E+18,"Ê•ΩÂ§©Â∏ÇÂ†¥„Çª„Éº„É´ÊÉÖÂ†±„Åß„Åô(*¬¥œâÔΩÄ*)
‚ú®Ê∞ó„Å´„Å™„ÇãÊñπ„ÅØ‰ª•‰∏ã„Çí„ÇØ„É™„ÉÉ„ÇØÔºÅ‚ú®

‚è∞24ÊôÇÈñìÈôêÂÆö„Çø„Ç§„É†„Çª„Éº„É´‚è∞
„ÄÄhttps://t.co/dGEYxKfnRX

‚ù§Êñ∞‰Ωú„Ç≥„É¨„ÇØ„Ç∑„Éß„É≥‚ù§
„ÄÄhttps://t.co/4LaO08OxYK

‚ò∫„É™„Ç¢„É´„Çø„Ç§„É†„É©„É≥„Ç≠„É≥„Ç∞‚ò∫
„ÄÄhttps://t.co/iZh2y5GYSt

‚úà#Ê•ΩÂ§©„Éà„É©„Éô„É´ ÁßãÔºÜÂÜ¨ÊóÖSALE‚úà
„ÄÄhttps://t.co/mSU9xCedK7",Technology
1.58073E+18,1.32275E+18,"Ê•ΩÂ§©Â∏ÇÂ†¥„Çª„Éº„É´ÊÉÖÂ†±„Åß„Åô(*¬¥œâÔΩÄ*)
‚ú®Ê∞ó„Å´„Å™„ÇãÊñπ„ÅØ‰ª•‰∏ã„Çí„ÇØ„É™„ÉÉ„ÇØÔºÅ‚ú®

‚è∞24ÊôÇÈñìÈôêÂÆö„Çø„Ç§„É†„Çª„Éº„É´‚è∞
„ÄÄhttps://t.co/dGEYxKfnRX

‚ù§Êñ∞‰Ωú„Ç≥„É¨„ÇØ„Ç∑„Éß„É≥‚ù§
„ÄÄhttps://t.co/4LaO08OxYK

‚ò∫„É™„Ç¢„É´„Çø„Ç§„É†„É©„É≥„Ç≠„É≥„Ç∞‚ò∫
„ÄÄhttps://t.co/iZh2y5GYSt

‚úà#Ê•ΩÂ§©„Éà„É©„Éô„É´ ÁßãÔºÜÂÜ¨ÊóÖSALE‚úà
„ÄÄhttps://t.co/mSU9xCedK7",Technology
1.58073E+18,1.32275E+18,"Ê•ΩÂ§©Â∏ÇÂ†¥„Çª„Éº„É´ÊÉÖÂ†±„Åß„Åô(*¬¥œâÔΩÄ*)
‚ú®Ê∞ó„Å´„Å™„ÇãÊñπ„ÅØ‰ª•‰∏ã„Çí„ÇØ„É™„ÉÉ„ÇØÔºÅ‚ú®

‚è∞24ÊôÇÈñìÈôêÂÆö„Çø„Ç§„É†„Çª„Éº„É´‚è∞
„ÄÄhttps://t.co/dGEYxKfnRX

‚ù§Êñ∞‰Ωú„Ç≥„É¨„ÇØ„Ç∑„Éß„É≥‚ù§
„ÄÄhttps://t.co/4LaO08OxYK

‚ò∫„É™„Ç¢„É´„Çø„Ç§„É†„É©„É≥„Ç≠„É≥„Ç∞‚ò∫
„ÄÄhttps://t.co/iZh2y5GYSt

‚úà#Ê•ΩÂ§©„Éà„É©„Éô„É´ ÁßãÔºÜÂÜ¨ÊóÖSALE‚úà
„ÄÄhttps://t.co/mSU9xCedK7",Technology
1.58073E+18,1.32275E+18,"Ê•ΩÂ§©Â∏ÇÂ†¥„Çª„Éº„É´ÊÉÖÂ†±„Åß„Åô(*¬¥œâÔΩÄ*)
‚ú®Ê∞ó„Å´„Å™„ÇãÊñπ„ÅØ‰ª•‰∏ã„Çí„ÇØ„É™„ÉÉ„ÇØÔºÅ‚ú®

‚è∞24ÊôÇÈñìÈôêÂÆö„Çø„Ç§„É†„Çª„Éº„É´‚è∞
„ÄÄhttps://t.co/dGEYxKfnRX

‚ù§Êñ∞‰Ωú„Ç≥„É¨„ÇØ„Ç∑„Éß„É≥‚ù§
„ÄÄhttps://t.co/4LaO08OxYK

‚ò∫„É™„Ç¢„É´„Çø„Ç§„É†„É©„É≥„Ç≠„É≥„Ç∞‚ò∫
„ÄÄhttps://t.co/iZh2y5GYSt

‚úà#Ê•ΩÂ§©„Éà„É©„Éô„É´ ÁßãÔºÜÂÜ¨ÊóÖSALE‚úà
„ÄÄhttps://t.co/mSU9xCedK7",Technology
1.58073E+18,1.32275E+18,"Ê•ΩÂ§©Â∏ÇÂ†¥„Çª„Éº„É´ÊÉÖÂ†±„Åß„Åô(*¬¥œâÔΩÄ*)
‚ú®Ê∞ó„Å´„Å™„ÇãÊñπ„ÅØ‰ª•‰∏ã„Çí„ÇØ„É™„ÉÉ„ÇØÔºÅ‚ú®

‚è∞24ÊôÇÈñìÈôêÂÆö„Çø„Ç§„É†„Çª„Éº„É´‚è∞
„ÄÄhttps://t.co/dGEYxKfnRX

‚ù§Êñ∞‰Ωú„Ç≥„É¨„ÇØ„Ç∑„Éß„É≥‚ù§
„ÄÄhttps://t.co/4LaO08OxYK

‚ò∫„É™„Ç¢„É´„Çø„Ç§„É†„É©„É≥„Ç≠„É≥„Ç∞‚ò∫
„ÄÄhttps://t.co/iZh2y5GYSt

‚úà#Ê•ΩÂ§©„Éà„É©„Éô„É´ ÁßãÔºÜÂÜ¨ÊóÖSALE‚úà
„ÄÄhttps://t.co/mSU9xCedK7",Technology
1.58073E+18,1.32275E+18,"Ê•ΩÂ§©Â∏ÇÂ†¥„Çª„Éº„É´ÊÉÖÂ†±„Åß„Åô(*¬¥œâÔΩÄ*)
‚ú®Ê∞ó„Å´„Å™„ÇãÊñπ„ÅØ‰ª•‰∏ã„Çí„ÇØ„É™„ÉÉ„ÇØÔºÅ‚ú®

‚è∞24ÊôÇÈñìÈôêÂÆö„Çø„Ç§„É†„Çª„Éº„É´‚è∞
„ÄÄhttps://t.co/dGEYxKfnRX

‚ù§Êñ∞‰Ωú„Ç≥„É¨„ÇØ„Ç∑„Éß„É≥‚ù§
„ÄÄhttps://t.co/4LaO08OxYK

‚ò∫„É™„Ç¢„É´„Çø„Ç§„É†„É©„É≥„Ç≠„É≥„Ç∞‚ò∫
„ÄÄhttps://t.co/iZh2y5GYSt

‚úà#Ê•ΩÂ§©„Éà„É©„Éô„É´ ÁßãÔºÜÂÜ¨ÊóÖSALE‚úà
„ÄÄhttps://t.co/mSU9xCedK7",Technology
1.58073E+18,1.32275E+18,"Ê•ΩÂ§©Â∏ÇÂ†¥„Çª„Éº„É´ÊÉÖÂ†±„Åß„Åô(*¬¥œâÔΩÄ*)
‚ú®Ê∞ó„Å´„Å™„ÇãÊñπ„ÅØ‰ª•‰∏ã„Çí„ÇØ„É™„ÉÉ„ÇØÔºÅ‚ú®

‚è∞24ÊôÇÈñìÈôêÂÆö„Çø„Ç§„É†„Çª„Éº„É´‚è∞
„ÄÄhttps://t.co/dGEYxKfnRX

‚ù§Êñ∞‰Ωú„Ç≥„É¨„ÇØ„Ç∑„Éß„É≥‚ù§
„ÄÄhttps://t.co/4LaO08OxYK

‚ò∫„É™„Ç¢„É´„Çø„Ç§„É†„É©„É≥„Ç≠„É≥„Ç∞‚ò∫
„ÄÄhttps://t.co/iZh2y5GYSt

‚úà#Ê•ΩÂ§©„Éà„É©„Éô„É´ ÁßãÔºÜÂÜ¨ÊóÖSALE‚úà
„ÄÄhttps://t.co/mSU9xCedK7",Technology
1.58073E+18,1.32275E+18,"Ê•ΩÂ§©Â∏ÇÂ†¥„Çª„Éº„É´ÊÉÖÂ†±„Åß„Åô(*¬¥œâÔΩÄ*)
‚ú®Ê∞ó„Å´„Å™„ÇãÊñπ„ÅØ‰ª•‰∏ã„Çí„ÇØ„É™„ÉÉ„ÇØÔºÅ‚ú®

‚è∞24ÊôÇÈñìÈôêÂÆö„Çø„Ç§„É†„Çª„Éº„É´‚è∞
„ÄÄhttps://t.co/dGEYxKfnRX

‚ù§Êñ∞‰Ωú„Ç≥„É¨„ÇØ„Ç∑„Éß„É≥‚ù§
„ÄÄhttps://t.co/4LaO08OxYK

‚ò∫„É™„Ç¢„É´„Çø„Ç§„É†„É©„É≥„Ç≠„É≥„Ç∞‚ò∫
„ÄÄhttps://t.co/iZh2y5GYSt

‚úà#Ê•ΩÂ§©„Éà„É©„Éô„É´ ÁßãÔºÜÂÜ¨ÊóÖSALE‚úà
„ÄÄhttps://t.co/mSU9xCedK7",Technology
1.58073E+18,1.32275E+18,"Ê•ΩÂ§©Â∏ÇÂ†¥„Çª„Éº„É´ÊÉÖÂ†±„Åß„Åô(*¬¥œâÔΩÄ*)
‚ú®Ê∞ó„Å´„Å™„ÇãÊñπ„ÅØ‰ª•‰∏ã„Çí„ÇØ„É™„ÉÉ„ÇØÔºÅ‚ú®

‚è∞24ÊôÇÈñìÈôêÂÆö„Çø„Ç§„É†„Çª„Éº„É´‚è∞
„ÄÄhttps://t.co/dGEYxKfnRX

‚ù§Êñ∞‰Ωú„Ç≥„É¨„ÇØ„Ç∑„Éß„É≥‚ù§
„ÄÄhttps://t.co/4LaO08OxYK

‚ò∫„É™„Ç¢„É´„Çø„Ç§„É†„É©„É≥„Ç≠„É≥„Ç∞‚ò∫
„ÄÄhttps://t.co/iZh2y5GYSt

‚úà#Ê•ΩÂ§©„Éà„É©„Éô„É´ ÁßãÔºÜÂÜ¨ÊóÖSALE‚úà
„ÄÄhttps://t.co/mSU9xCedK7",Technology
1.58073E+18,1.32275E+18,"Ê•ΩÂ§©Â∏ÇÂ†¥„Çª„Éº„É´ÊÉÖÂ†±„Åß„Åô(*¬¥œâÔΩÄ*)
‚ú®Ê∞ó„Å´„Å™„ÇãÊñπ„ÅØ‰ª•‰∏ã„Çí„ÇØ„É™„ÉÉ„ÇØÔºÅ‚ú®

‚è∞24ÊôÇÈñìÈôêÂÆö„Çø„Ç§„É†„Çª„Éº„É´‚è∞
„ÄÄhttps://t.co/dGEYxKfnRX

‚ù§Êñ∞‰Ωú„Ç≥„É¨„ÇØ„Ç∑„Éß„É≥‚ù§
„ÄÄhttps://t.co/4LaO08OxYK

‚ò∫„É™„Ç¢„É´„Çø„Ç§„É†„É©„É≥„Ç≠„É≥„Ç∞‚ò∫
„ÄÄhttps://t.co/iZh2y5GYSt

‚úà#Ê•ΩÂ§©„Éà„É©„Éô„É´ ÁßãÔºÜÂÜ¨ÊóÖSALE‚úà
„ÄÄhttps://t.co/mSU9xCedK7",Technology
1.58073E+18,1.35292E+18,ÔºäÊú¨Êó•„ÅÆÊ•ΩÂ§©24ÊôÇÈñì„Çø„Ç§„É†„ÇªÔºç„É´Ôºä„ÄÄhttps://t.co/xQXobfqOE1,Technology
1.58073E+18,1.35292E+18,ÔºäÊú¨Êó•„ÅÆÊ•ΩÂ§©24ÊôÇÈñì„Çø„Ç§„É†„ÇªÔºç„É´Ôºä„ÄÄhttps://t.co/xQXobfqOE1,Technology
1.58073E+18,1.35292E+18,ÔºäÊú¨Êó•„ÅÆÊ•ΩÂ§©24ÊôÇÈñì„Çø„Ç§„É†„ÇªÔºç„É´Ôºä„ÄÄhttps://t.co/xQXobfqOE1,Technology
1.58073E+18,1.35292E+18,ÔºäÊú¨Êó•„ÅÆÊ•ΩÂ§©24ÊôÇÈñì„Çø„Ç§„É†„ÇªÔºç„É´Ôºä„ÄÄhttps://t.co/xQXobfqOE1,Technology
1.58073E+18,1.35292E+18,ÔºäÊú¨Êó•„ÅÆÊ•ΩÂ§©24ÊôÇÈñì„Çø„Ç§„É†„ÇªÔºç„É´Ôºä„ÄÄhttps://t.co/xQXobfqOE1,Technology
1.58072E+18,20949877,"RT @thebtcmag: Our subscribers will receive this beautiful Bitcoin bank note with their copy of The Orange Party Issue. 

We have around 50‚Ä¶",Digital Assets & Crypto
1.58072E+18,20949877,"RT @thebtcmag: Our subscribers will receive this beautiful Bitcoin bank note with their copy of The Orange Party Issue. 

We have around 50‚Ä¶",Digital Assets & Crypto
1.58072E+18,20949877,"RT @thebtcmag: Our subscribers will receive this beautiful Bitcoin bank note with their copy of The Orange Party Issue. 

We have around 50‚Ä¶",Digital Assets & Crypto
1.58072E+18,20949877,"RT @thebtcmag: Our subscribers will receive this beautiful Bitcoin bank note with their copy of The Orange Party Issue. 

We have around 50‚Ä¶",Digital Assets & Crypto
1.58072E+18,20949877,"RT @thebtcmag: Our subscribers will receive this beautiful Bitcoin bank note with their copy of The Orange Party Issue. 

We have around 50‚Ä¶",Digital Assets & Crypto
1.58072E+18,20949877,"RT @thebtcmag: Our subscribers will receive this beautiful Bitcoin bank note with their copy of The Orange Party Issue. 

We have around 50‚Ä¶",Digital Assets & Crypto
1.58072E+18,20949877,"RT @thebtcmag: Our subscribers will receive this beautiful Bitcoin bank note with their copy of The Orange Party Issue. 

We have around 50‚Ä¶",Digital Assets & Crypto
1.58072E+18,20949877,"RT @thebtcmag: Our subscribers will receive this beautiful Bitcoin bank note with their copy of The Orange Party Issue. 

We have around 50‚Ä¶",Digital Assets & Crypto
1.58072E+18,20949877,"RT @thebtcmag: Our subscribers will receive this beautiful Bitcoin bank note with their copy of The Orange Party Issue. 

We have around 50‚Ä¶",Digital Assets & Crypto
1.58072E+18,20949877,"RT @thebtcmag: Our subscribers will receive this beautiful Bitcoin bank note with their copy of The Orange Party Issue. 

We have around 50‚Ä¶",Digital Assets & Crypto
1.58072E+18,20949877,"RT @thebtcmag: Our subscribers will receive this beautiful Bitcoin bank note with their copy of The Orange Party Issue. 

We have around 50‚Ä¶",Digital Assets & Crypto
1.58072E+18,20949877,"RT @thebtcmag: Our subscribers will receive this beautiful Bitcoin bank note with their copy of The Orange Party Issue. 

We have around 50‚Ä¶",Digital Assets & Crypto
1.58072E+18,20949877,"RT @thebtcmag: Our subscribers will receive this beautiful Bitcoin bank note with their copy of The Orange Party Issue. 

We have around 50‚Ä¶",Digital Assets & Crypto
1.58072E+18,20949877,"RT @thebtcmag: Our subscribers will receive this beautiful Bitcoin bank note with their copy of The Orange Party Issue. 

We have around 50‚Ä¶",Digital Assets & Crypto
1.58072E+18,20949877,"RT @thebtcmag: Our subscribers will receive this beautiful Bitcoin bank note with their copy of The Orange Party Issue. 

We have around 50‚Ä¶",Digital Assets & Crypto
1.58072E+18,20949877,"RT @thebtcmag: Our subscribers will receive this beautiful Bitcoin bank note with their copy of The Orange Party Issue. 

We have around 50‚Ä¶",Digital Assets & Crypto
1.58072E+18,20949877,"RT @thebtcmag: Our subscribers will receive this beautiful Bitcoin bank note with their copy of The Orange Party Issue. 

We have around 50‚Ä¶",Digital Assets & Crypto
1.58072E+18,20949877,"RT @thebtcmag: Our subscribers will receive this beautiful Bitcoin bank note with their copy of The Orange Party Issue. 

We have around 50‚Ä¶",Digital Assets & Crypto
1.58072E+18,20949877,"RT @thebtcmag: Our subscribers will receive this beautiful Bitcoin bank note with their copy of The Orange Party Issue. 

We have around 50‚Ä¶",Digital Assets & Crypto
1.58072E+18,20949877,"RT @thebtcmag: Our subscribers will receive this beautiful Bitcoin bank note with their copy of The Orange Party Issue. 

We have around 50‚Ä¶",Digital Assets & Crypto
1.58072E+18,20949877,"RT @thebtcmag: Our subscribers will receive this beautiful Bitcoin bank note with their copy of The Orange Party Issue. 

We have around 50‚Ä¶",Digital Assets & Crypto
1.58072E+18,20949877,"RT @thebtcmag: Our subscribers will receive this beautiful Bitcoin bank note with their copy of The Orange Party Issue. 

We have around 50‚Ä¶",Digital Assets & Crypto
1.58072E+18,20949877,"RT @thebtcmag: Our subscribers will receive this beautiful Bitcoin bank note with their copy of The Orange Party Issue. 

We have around 50‚Ä¶",Digital Assets & Crypto
1.58072E+18,20949877,"RT @thebtcmag: Our subscribers will receive this beautiful Bitcoin bank note with their copy of The Orange Party Issue. 

We have around 50‚Ä¶",Digital Assets & Crypto
1.58072E+18,20949877,"RT @thebtcmag: Our subscribers will receive this beautiful Bitcoin bank note with their copy of The Orange Party Issue. 

We have around 50‚Ä¶",Digital Assets & Crypto
1.58072E+18,20949877,"RT @thebtcmag: Our subscribers will receive this beautiful Bitcoin bank note with their copy of The Orange Party Issue. 

We have around 50‚Ä¶",Digital Assets & Crypto
1.58072E+18,20949877,"RT @thebtcmag: Our subscribers will receive this beautiful Bitcoin bank note with their copy of The Orange Party Issue. 

We have around 50‚Ä¶",Digital Assets & Crypto
1.58072E+18,20949877,"RT @thebtcmag: Our subscribers will receive this beautiful Bitcoin bank note with their copy of The Orange Party Issue. 

We have around 50‚Ä¶",Digital Assets & Crypto
1.58072E+18,20949877,"RT @thebtcmag: Our subscribers will receive this beautiful Bitcoin bank note with their copy of The Orange Party Issue. 

We have around 50‚Ä¶",Digital Assets & Crypto
1.58072E+18,20949877,"RT @thebtcmag: Our subscribers will receive this beautiful Bitcoin bank note with their copy of The Orange Party Issue. 

We have around 50‚Ä¶",Digital Assets & Crypto
1.58072E+18,20949877,"RT @thebtcmag: Our subscribers will receive this beautiful Bitcoin bank note with their copy of The Orange Party Issue. 

We have around 50‚Ä¶",Digital Assets & Crypto
1.58072E+18,20949877,"RT @thebtcmag: Our subscribers will receive this beautiful Bitcoin bank note with their copy of The Orange Party Issue. 

We have around 50‚Ä¶",Digital Assets & Crypto
1.58072E+18,20949877,"RT @thebtcmag: Our subscribers will receive this beautiful Bitcoin bank note with their copy of The Orange Party Issue. 

We have around 50‚Ä¶",Digital Assets & Crypto
1.58072E+18,20949877,"RT @thebtcmag: Our subscribers will receive this beautiful Bitcoin bank note with their copy of The Orange Party Issue. 

We have around 50‚Ä¶",Digital Assets & Crypto
1.58072E+18,20949877,"RT @thebtcmag: Our subscribers will receive this beautiful Bitcoin bank note with their copy of The Orange Party Issue. 

We have around 50‚Ä¶",Digital Assets & Crypto
1.58072E+18,20949877,"RT @thebtcmag: Our subscribers will receive this beautiful Bitcoin bank note with their copy of The Orange Party Issue. 

We have around 50‚Ä¶",Digital Assets & Crypto
1.58072E+18,20949877,"RT @thebtcmag: Our subscribers will receive this beautiful Bitcoin bank note with their copy of The Orange Party Issue. 

We have around 50‚Ä¶",Digital Assets & Crypto
1.58072E+18,20949877,"RT @thebtcmag: Our subscribers will receive this beautiful Bitcoin bank note with their copy of The Orange Party Issue. 

We have around 50‚Ä¶",Digital Assets & Crypto
1.58072E+18,20949877,"RT @thebtcmag: Our subscribers will receive this beautiful Bitcoin bank note with their copy of The Orange Party Issue. 

We have around 50‚Ä¶",Digital Assets & Crypto
1.58072E+18,20949877,"RT @thebtcmag: Our subscribers will receive this beautiful Bitcoin bank note with their copy of The Orange Party Issue. 

We have around 50‚Ä¶",Digital Assets & Crypto
1.58072E+18,20949877,"RT @thebtcmag: Our subscribers will receive this beautiful Bitcoin bank note with their copy of The Orange Party Issue. 

We have around 50‚Ä¶",Digital Assets & Crypto
1.58072E+18,20949877,"RT @thebtcmag: Our subscribers will receive this beautiful Bitcoin bank note with their copy of The Orange Party Issue. 

We have around 50‚Ä¶",Digital Assets & Crypto
1.58072E+18,20949877,"RT @thebtcmag: Our subscribers will receive this beautiful Bitcoin bank note with their copy of The Orange Party Issue. 

We have around 50‚Ä¶",Digital Assets & Crypto
1.58072E+18,20949877,"RT @thebtcmag: Our subscribers will receive this beautiful Bitcoin bank note with their copy of The Orange Party Issue. 

We have around 50‚Ä¶",Digital Assets & Crypto
1.58072E+18,20949877,"RT @thebtcmag: Our subscribers will receive this beautiful Bitcoin bank note with their copy of The Orange Party Issue. 

We have around 50‚Ä¶",Digital Assets & Crypto
1.58072E+18,20949877,"RT @thebtcmag: Our subscribers will receive this beautiful Bitcoin bank note with their copy of The Orange Party Issue. 

We have around 50‚Ä¶",Digital Assets & Crypto
1.58072E+18,20949877,"RT @thebtcmag: Our subscribers will receive this beautiful Bitcoin bank note with their copy of The Orange Party Issue. 

We have around 50‚Ä¶",Digital Assets & Crypto
1.58072E+18,1.53683E+18,"I ‚ô•Ô∏è #WEB3 

Best choice dip price  #RAD and #ENS

$RAD #Ethereum #NFT #Radicle $ENS   #Bitcoin¬†¬†¬†¬†¬†¬†¬†¬†¬† @radicle @ethereum $MDX",Digital Assets & Crypto
1.58072E+18,1.53683E+18,"I ‚ô•Ô∏è #WEB3 

Best choice dip price  #RAD and #ENS

$RAD #Ethereum #NFT #Radicle $ENS   #Bitcoin¬†¬†¬†¬†¬†¬†¬†¬†¬† @radicle @ethereum $MDX",Digital Assets & Crypto
1.58072E+18,1.53683E+18,"I ‚ô•Ô∏è #WEB3 

Best choice dip price  #RAD and #ENS

$RAD #Ethereum #NFT #Radicle $ENS   #Bitcoin¬†¬†¬†¬†¬†¬†¬†¬†¬† @radicle @ethereum $MDX",Digital Assets & Crypto
1.58072E+18,1.53683E+18,"I ‚ô•Ô∏è #WEB3 

Best choice dip price  #RAD and #ENS

$RAD #Ethereum #NFT #Radicle $ENS   #Bitcoin¬†¬†¬†¬†¬†¬†¬†¬†¬† @radicle @ethereum $MDX",Digital Assets & Crypto
1.58072E+18,1.53683E+18,"I ‚ô•Ô∏è #WEB3 

Best choice dip price  #RAD and #ENS

$RAD #Ethereum #NFT #Radicle $ENS   #Bitcoin¬†¬†¬†¬†¬†¬†¬†¬†¬† @radicle @ethereum $MDX",Digital Assets & Crypto
1.58072E+18,1.53683E+18,"I ‚ô•Ô∏è #WEB3 

Best choice dip price  #RAD and #ENS

$RAD #Ethereum #NFT #Radicle $ENS   #Bitcoin¬†¬†¬†¬†¬†¬†¬†¬†¬† @radicle @ethereum $MDX",Digital Assets & Crypto
1.58072E+18,1.53683E+18,"I ‚ô•Ô∏è #WEB3 

Best choice dip price  #RAD and #ENS

$RAD #Ethereum #NFT #Radicle $ENS   #Bitcoin¬†¬†¬†¬†¬†¬†¬†¬†¬† @radicle @ethereum $MDX",Digital Assets & Crypto
1.58072E+18,1.53683E+18,"I ‚ô•Ô∏è #WEB3 

Best choice dip price  #RAD and #ENS

$RAD #Ethereum #NFT #Radicle $ENS   #Bitcoin¬†¬†¬†¬†¬†¬†¬†¬†¬† @radicle @ethereum $MDX",Digital Assets & Crypto
1.58072E+18,1.53683E+18,"I ‚ô•Ô∏è #WEB3 

Best choice dip price  #RAD and #ENS

$RAD #Ethereum #NFT #Radicle $ENS   #Bitcoin¬†¬†¬†¬†¬†¬†¬†¬†¬† @radicle @ethereum $MDX",Digital Assets & Crypto
1.58072E+18,1.53683E+18,"I ‚ô•Ô∏è #WEB3 

Best choice dip price  #RAD and #ENS

$RAD #Ethereum #NFT #Radicle $ENS   #Bitcoin¬†¬†¬†¬†¬†¬†¬†¬†¬† @radicle @ethereum $MDX",Digital Assets & Crypto
1.58072E+18,1.53683E+18,"I ‚ô•Ô∏è #WEB3 

Best choice dip price  #RAD and #ENS

$RAD #Ethereum #NFT #Radicle $ENS   #Bitcoin¬†¬†¬†¬†¬†¬†¬†¬†¬† @radicle @ethereum $MDX",Digital Assets & Crypto
1.58072E+18,1.53683E+18,"I ‚ô•Ô∏è #WEB3 

Best choice dip price  #RAD and #ENS

$RAD #Ethereum #NFT #Radicle $ENS   #Bitcoin¬†¬†¬†¬†¬†¬†¬†¬†¬† @radicle @ethereum $MDX",Digital Assets & Crypto
1.58072E+18,1.53683E+18,"I ‚ô•Ô∏è #WEB3 

Best choice dip price  #RAD and #ENS

$RAD #Ethereum #NFT #Radicle $ENS   #Bitcoin¬†¬†¬†¬†¬†¬†¬†¬†¬† @radicle @ethereum $MDX",Digital Assets & Crypto
1.58072E+18,1.53683E+18,"I ‚ô•Ô∏è #WEB3 

Best choice dip price  #RAD and #ENS

$RAD #Ethereum #NFT #Radicle $ENS   #Bitcoin¬†¬†¬†¬†¬†¬†¬†¬†¬† @radicle @ethereum $MDX",Digital Assets & Crypto
1.58072E+18,1.53683E+18,"I ‚ô•Ô∏è #WEB3 

Best choice dip price  #RAD and #ENS

$RAD #Ethereum #NFT #Radicle $ENS   #Bitcoin¬†¬†¬†¬†¬†¬†¬†¬†¬† @radicle @ethereum $MDX",Digital Assets & Crypto
1.58072E+18,1.53683E+18,"I ‚ô•Ô∏è #WEB3 

Best choice dip price  #RAD and #ENS

$RAD #Ethereum #NFT #Radicle $ENS   #Bitcoin¬†¬†¬†¬†¬†¬†¬†¬†¬† @radicle @ethereum $MDX",Digital Assets & Crypto
1.58072E+18,1.53683E+18,"I ‚ô•Ô∏è #WEB3 

Best choice dip price  #RAD and #ENS

$RAD #Ethereum #NFT #Radicle $ENS   #Bitcoin¬†¬†¬†¬†¬†¬†¬†¬†¬† @radicle @ethereum $MDX",Digital Assets & Crypto
1.58072E+18,1.53683E+18,"I ‚ô•Ô∏è #WEB3 

Best choice dip price  #RAD and #ENS

$RAD #Ethereum #NFT #Radicle $ENS   #Bitcoin¬†¬†¬†¬†¬†¬†¬†¬†¬† @radicle @ethereum $MDX",Digital Assets & Crypto
1.58072E+18,1.53683E+18,"I ‚ô•Ô∏è #WEB3 

Best choice dip price  #RAD and #ENS

$RAD #Ethereum #NFT #Radicle $ENS   #Bitcoin¬†¬†¬†¬†¬†¬†¬†¬†¬† @radicle @ethereum $MDX",Digital Assets & Crypto
1.58072E+18,1.53683E+18,"I ‚ô•Ô∏è #WEB3 

Best choice dip price  #RAD and #ENS

$RAD #Ethereum #NFT #Radicle $ENS   #Bitcoin¬†¬†¬†¬†¬†¬†¬†¬†¬† @radicle @ethereum $MDX",Digital Assets & Crypto
1.58072E+18,1.53683E+18,"I ‚ô•Ô∏è #WEB3 

Best choice dip price  #RAD and #ENS

$RAD #Ethereum #NFT #Radicle $ENS   #Bitcoin¬†¬†¬†¬†¬†¬†¬†¬†¬† @radicle @ethereum $MDX",Digital Assets & Crypto
1.58072E+18,1.53683E+18,"I ‚ô•Ô∏è #WEB3 

Best choice dip price  #RAD and #ENS

$RAD #Ethereum #NFT #Radicle $ENS   #Bitcoin¬†¬†¬†¬†¬†¬†¬†¬†¬† @radicle @ethereum $MDX",Digital Assets & Crypto
1.58072E+18,1.53683E+18,"I ‚ô•Ô∏è #WEB3 

Best choice dip price  #RAD and #ENS

$RAD #Ethereum #NFT #Radicle $ENS   #Bitcoin¬†¬†¬†¬†¬†¬†¬†¬†¬† @radicle @ethereum $MDX",Digital Assets & Crypto
1.58072E+18,1.53683E+18,"I ‚ô•Ô∏è #WEB3 

Best choice dip price  #RAD and #ENS

$RAD #Ethereum #NFT #Radicle $ENS   #Bitcoin¬†¬†¬†¬†¬†¬†¬†¬†¬† @radicle @ethereum $MDX",Digital Assets & Crypto
1.58072E+18,1.53683E+18,"I ‚ô•Ô∏è #WEB3 

Best choice dip price  #RAD and #ENS

$RAD #Ethereum #NFT #Radicle $ENS   #Bitcoin¬†¬†¬†¬†¬†¬†¬†¬†¬† @radicle @ethereum $MDX",Digital Assets & Crypto
1.58072E+18,1.53683E+18,"I ‚ô•Ô∏è #WEB3 

Best choice dip price  #RAD and #ENS

$RAD #Ethereum #NFT #Radicle $ENS   #Bitcoin¬†¬†¬†¬†¬†¬†¬†¬†¬† @radicle @ethereum $MDX",Digital Assets & Crypto
1.58072E+18,1.53683E+18,"I ‚ô•Ô∏è #WEB3 

Best choice dip price  #RAD and #ENS

$RAD #Ethereum #NFT #Radicle $ENS   #Bitcoin¬†¬†¬†¬†¬†¬†¬†¬†¬† @radicle @ethereum $MDX",Digital Assets & Crypto
1.58072E+18,1.53683E+18,"I ‚ô•Ô∏è #WEB3 

Best choice dip price  #RAD and #ENS

$RAD #Ethereum #NFT #Radicle $ENS   #Bitcoin¬†¬†¬†¬†¬†¬†¬†¬†¬† @radicle @ethereum $MDX",Digital Assets & Crypto
1.58072E+18,1.53683E+18,"I ‚ô•Ô∏è #WEB3 

Best choice dip price  #RAD and #ENS

$RAD #Ethereum #NFT #Radicle $ENS   #Bitcoin¬†¬†¬†¬†¬†¬†¬†¬†¬† @radicle @ethereum $MDX",Digital Assets & Crypto
1.58072E+18,1.53683E+18,"I ‚ô•Ô∏è #WEB3 

Best choice dip price  #RAD and #ENS

$RAD #Ethereum #NFT #Radicle $ENS   #Bitcoin¬†¬†¬†¬†¬†¬†¬†¬†¬† @radicle @ethereum $MDX",Digital Assets & Crypto
1.58072E+18,1.53683E+18,"I ‚ô•Ô∏è #WEB3 

Best choice dip price  #RAD and #ENS

$RAD #Ethereum #NFT #Radicle $ENS   #Bitcoin¬†¬†¬†¬†¬†¬†¬†¬†¬† @radicle @ethereum $MDX",Digital Assets & Crypto
1.58072E+18,1.53683E+18,"I ‚ô•Ô∏è #WEB3 

Best choice dip price  #RAD and #ENS

$RAD #Ethereum #NFT #Radicle $ENS   #Bitcoin¬†¬†¬†¬†¬†¬†¬†¬†¬† @radicle @ethereum $MDX",Digital Assets & Crypto
1.58072E+18,1.53683E+18,"I ‚ô•Ô∏è #WEB3 

Best choice dip price  #RAD and #ENS

$RAD #Ethereum #NFT #Radicle $ENS   #Bitcoin¬†¬†¬†¬†¬†¬†¬†¬†¬† @radicle @ethereum $MDX",Digital Assets & Crypto
1.58073E+18,1.53143E+18,"RT @fencer_gg: üí∏ü™ôüí≤$25 #BTC üí≤ü™ôüí∏

            ‚û°Ô∏èGIVEAWAY‚¨ÖÔ∏è

 ‚úÖFollow me
 ‚úÖLike &amp; RT
 ‚úÖShow love on my new video.

        ‚û°Ô∏è(must leave proof‚Ä¶",Digital Assets & Crypto
1.58073E+18,1.53143E+18,"RT @fencer_gg: üí∏ü™ôüí≤$25 #BTC üí≤ü™ôüí∏

            ‚û°Ô∏èGIVEAWAY‚¨ÖÔ∏è

 ‚úÖFollow me
 ‚úÖLike &amp; RT
 ‚úÖShow love on my new video.

        ‚û°Ô∏è(must leave proof‚Ä¶",Digital Assets & Crypto
1.58073E+18,1.53143E+18,"RT @fencer_gg: üí∏ü™ôüí≤$25 #BTC üí≤ü™ôüí∏

            ‚û°Ô∏èGIVEAWAY‚¨ÖÔ∏è

 ‚úÖFollow me
 ‚úÖLike &amp; RT
 ‚úÖShow love on my new video.

        ‚û°Ô∏è(must leave proof‚Ä¶",Digital Assets & Crypto
1.58073E+18,1.53143E+18,"RT @fencer_gg: üí∏ü™ôüí≤$25 #BTC üí≤ü™ôüí∏

            ‚û°Ô∏èGIVEAWAY‚¨ÖÔ∏è

 ‚úÖFollow me
 ‚úÖLike &amp; RT
 ‚úÖShow love on my new video.

        ‚û°Ô∏è(must leave proof‚Ä¶",Digital Assets & Crypto
1.58073E+18,1.53143E+18,"RT @fencer_gg: üí∏ü™ôüí≤$25 #BTC üí≤ü™ôüí∏

            ‚û°Ô∏èGIVEAWAY‚¨ÖÔ∏è

 ‚úÖFollow me
 ‚úÖLike &amp; RT
 ‚úÖShow love on my new video.

        ‚û°Ô∏è(must leave proof‚Ä¶",Digital Assets & Crypto
1.58073E+18,1.53143E+18,"RT @fencer_gg: üí∏ü™ôüí≤$25 #BTC üí≤ü™ôüí∏

            ‚û°Ô∏èGIVEAWAY‚¨ÖÔ∏è

 ‚úÖFollow me
 ‚úÖLike &amp; RT
 ‚úÖShow love on my new video.

        ‚û°Ô∏è(must leave proof‚Ä¶",Digital Assets & Crypto
1.58073E+18,1.53143E+18,"RT @fencer_gg: üí∏ü™ôüí≤$25 #BTC üí≤ü™ôüí∏

            ‚û°Ô∏èGIVEAWAY‚¨ÖÔ∏è

 ‚úÖFollow me
 ‚úÖLike &amp; RT
 ‚úÖShow love on my new video.

        ‚û°Ô∏è(must leave proof‚Ä¶",Digital Assets & Crypto
1.58073E+18,1.53143E+18,"RT @fencer_gg: üí∏ü™ôüí≤$25 #BTC üí≤ü™ôüí∏

            ‚û°Ô∏èGIVEAWAY‚¨ÖÔ∏è

 ‚úÖFollow me
 ‚úÖLike &amp; RT
 ‚úÖShow love on my new video.

        ‚û°Ô∏è(must leave proof‚Ä¶",Digital Assets & Crypto
1.58073E+18,1.53143E+18,"RT @fencer_gg: üí∏ü™ôüí≤$25 #BTC üí≤ü™ôüí∏

            ‚û°Ô∏èGIVEAWAY‚¨ÖÔ∏è

 ‚úÖFollow me
 ‚úÖLike &amp; RT
 ‚úÖShow love on my new video.

        ‚û°Ô∏è(must leave proof‚Ä¶",Digital Assets & Crypto
1.58073E+18,1.53143E+18,"RT @fencer_gg: üí∏ü™ôüí≤$25 #BTC üí≤ü™ôüí∏

            ‚û°Ô∏èGIVEAWAY‚¨ÖÔ∏è

 ‚úÖFollow me
 ‚úÖLike &amp; RT
 ‚úÖShow love on my new video.

        ‚û°Ô∏è(must leave proof‚Ä¶",Digital Assets & Crypto
1.58073E+18,1.53682E+18,"RT @Bybit_Official: üì£ #Bybit GMX Odyssey: 2,500 $GMX and $USDT Bonuses Up for Grabs!

ü§© Explore @GMX_IO on @arbitrum or @avalancheavax and‚Ä¶",Stocks
1.58073E+18,1.53682E+18,"RT @Bybit_Official: üì£ #Bybit GMX Odyssey: 2,500 $GMX and $USDT Bonuses Up for Grabs!

ü§© Explore @GMX_IO on @arbitrum or @avalancheavax and‚Ä¶",Stocks
1.58073E+18,1.53682E+18,"RT @Bybit_Official: üì£ #Bybit GMX Odyssey: 2,500 $GMX and $USDT Bonuses Up for Grabs!

ü§© Explore @GMX_IO on @arbitrum or @avalancheavax and‚Ä¶",Stocks
1.58073E+18,1.53682E+18,"RT @Bybit_Official: üì£ #Bybit GMX Odyssey: 2,500 $GMX and $USDT Bonuses Up for Grabs!

ü§© Explore @GMX_IO on @arbitrum or @avalancheavax and‚Ä¶",Stocks
1.58073E+18,1.53682E+18,"RT @ChiefElrond: $150 | Ends in 48 Hours 

$75
ü•è RT &amp; RT Quoted below üëá

$75
ü•è Visit the site: https://t.co/piWJNhNEMe (Proof)

------
ü§© Jo‚Ä¶",Stocks
1.58073E+18,1.53682E+18,"RT @ChiefElrond: $150 | Ends in 48 Hours 

$75
ü•è RT &amp; RT Quoted below üëá

$75
ü•è Visit the site: https://t.co/piWJNhNEMe (Proof)

------
ü§© Jo‚Ä¶",Stocks
1.58073E+18,1.53682E+18,"RT @ChiefElrond: $150 | Ends in 48 Hours 

$75
ü•è RT &amp; RT Quoted below üëá

$75
ü•è Visit the site: https://t.co/piWJNhNEMe (Proof)

------
ü§© Jo‚Ä¶",Stocks
1.58073E+18,1.53682E+18,"RT @ChiefElrond: $150 | Ends in 48 Hours 

$75
ü•è RT &amp; RT Quoted below üëá

$75
ü•è Visit the site: https://t.co/piWJNhNEMe (Proof)

------
ü§© Jo‚Ä¶",Stocks
1.58073E+18,1.53682E+18,"RT @ChiefElrond: $150 | Ends in 48 Hours 

$75
ü•è RT &amp; RT Quoted below üëá

$75
ü•è Visit the site: https://t.co/piWJNhNEMe (Proof)

------
ü§© Jo‚Ä¶",Stocks
1.58073E+18,1.53682E+18,"RT @ChiefElrond: $150 | Ends in 48 Hours 

$75
ü•è RT &amp; RT Quoted below üëá

$75
ü•è Visit the site: https://t.co/piWJNhNEMe (Proof)

------
ü§© Jo‚Ä¶",Stocks
1.58073E+18,1.53682E+18,"RT @ChiefElrond: $150 | Ends in 48 Hours 

$75
ü•è RT &amp; RT Quoted below üëá

$75
ü•è Visit the site: https://t.co/piWJNhNEMe (Proof)

------
ü§© Jo‚Ä¶",Stocks
1.58073E+18,1.53682E+18,"RT @ChiefElrond: $150 | Ends in 48 Hours 

$75
ü•è RT &amp; RT Quoted below üëá

$75
ü•è Visit the site: https://t.co/piWJNhNEMe (Proof)

------
ü§© Jo‚Ä¶",Stocks
1.58073E+18,1.53682E+18,"RT @ChiefElrond: $150 | Ends in 48 Hours 

$75
ü•è RT &amp; RT Quoted below üëá

$75
ü•è Visit the site: https://t.co/piWJNhNEMe (Proof)

------
ü§© Jo‚Ä¶",Stocks
1.58073E+18,1.53682E+18,"RT @ChiefElrond: $150 | Ends in 48 Hours 

$75
ü•è RT &amp; RT Quoted below üëá

$75
ü•è Visit the site: https://t.co/piWJNhNEMe (Proof)

------
ü§© Jo‚Ä¶",Stocks
1.58073E+18,1.53682E+18,"RT @ChiefElrond: $150 | Ends in 48 Hours 

$75
ü•è RT &amp; RT Quoted below üëá

$75
ü•è Visit the site: https://t.co/piWJNhNEMe (Proof)

------
ü§© Jo‚Ä¶",Stocks
1.58073E+18,1.53682E+18,"RT @ChiefElrond: $150 | Ends in 48 Hours 

$75
ü•è RT &amp; RT Quoted below üëá

$75
ü•è Visit the site: https://t.co/piWJNhNEMe (Proof)

------
ü§© Jo‚Ä¶",Stocks
1.58073E+18,1.53682E+18,"RT @ChiefElrond: $150 | Ends in 48 Hours 

$75
ü•è RT &amp; RT Quoted below üëá

$75
ü•è Visit the site: https://t.co/piWJNhNEMe (Proof)

------
ü§© Jo‚Ä¶",Stocks
1.58073E+18,1.53682E+18,"RT @ChiefElrond: $150 | Ends in 48 Hours 

$75
ü•è RT &amp; RT Quoted below üëá

$75
ü•è Visit the site: https://t.co/piWJNhNEMe (Proof)

------
ü§© Jo‚Ä¶",Stocks
1.58073E+18,1.53682E+18,"RT @ChiefElrond: $150 | Ends in 48 Hours 

$75
ü•è RT &amp; RT Quoted below üëá

$75
ü•è Visit the site: https://t.co/piWJNhNEMe (Proof)

------
ü§© Jo‚Ä¶",Stocks
1.58073E+18,1.53682E+18,"RT @ChiefElrond: $150 | Ends in 48 Hours 

$75
ü•è RT &amp; RT Quoted below üëá

$75
ü•è Visit the site: https://t.co/piWJNhNEMe (Proof)

------
ü§© Jo‚Ä¶",Stocks
1.58073E+18,1.53682E+18,"RT @ChiefElrond: $150 | Ends in 48 Hours 

$75
ü•è RT &amp; RT Quoted below üëá

$75
ü•è Visit the site: https://t.co/piWJNhNEMe (Proof)

------
ü§© Jo‚Ä¶",Stocks
1.58073E+18,1.53682E+18,"RT @ChiefElrond: $150 | Ends in 48 Hours 

$75
ü•è RT &amp; RT Quoted below üëá

$75
ü•è Visit the site: https://t.co/piWJNhNEMe (Proof)

------
ü§© Jo‚Ä¶",Stocks
1.58073E+18,8.24509E+17,"RT @AtxSlots: I will send $50 ETH to 2 random winners.

- Follow my Dlive: https://t.co/cDjwBsSbsJ
- Retweet &amp; tag 2 friends
- follow my ot‚Ä¶",Digital Assets & Crypto
1.58073E+18,1.56674E+18,"RT @Bybit_Official: üì£ #Bybit GMX Odyssey: 2,500 $GMX and $USDT Bonuses Up for Grabs!

ü§© Explore @GMX_IO on @arbitrum or @avalancheavax and‚Ä¶",Stocks
1.58073E+18,1.56674E+18,"RT @Bybit_Official: üì£ #Bybit GMX Odyssey: 2,500 $GMX and $USDT Bonuses Up for Grabs!

ü§© Explore @GMX_IO on @arbitrum or @avalancheavax and‚Ä¶",Stocks
1.58073E+18,1.56674E+18,"RT @Bybit_Official: üì£ #Bybit GMX Odyssey: 2,500 $GMX and $USDT Bonuses Up for Grabs!

ü§© Explore @GMX_IO on @arbitrum or @avalancheavax and‚Ä¶",Stocks
1.58073E+18,1.56674E+18,"RT @Bybit_Official: üì£ #Bybit GMX Odyssey: 2,500 $GMX and $USDT Bonuses Up for Grabs!

ü§© Explore @GMX_IO on @arbitrum or @avalancheavax and‚Ä¶",Stocks
1.58073E+18,1.56674E+18,"RT @ChiefElrond: $150 | Ends in 48 Hours 

$75
ü•è RT &amp; RT Quoted below üëá

$75
ü•è Visit the site: https://t.co/piWJNhNEMe (Proof)

------
ü§© Jo‚Ä¶",Stocks
1.58073E+18,1.56674E+18,"RT @ChiefElrond: $150 | Ends in 48 Hours 

$75
ü•è RT &amp; RT Quoted below üëá

$75
ü•è Visit the site: https://t.co/piWJNhNEMe (Proof)

------
ü§© Jo‚Ä¶",Stocks
1.58073E+18,1.56674E+18,"RT @ChiefElrond: $150 | Ends in 48 Hours 

$75
ü•è RT &amp; RT Quoted below üëá

$75
ü•è Visit the site: https://t.co/piWJNhNEMe (Proof)

------
ü§© Jo‚Ä¶",Stocks
1.58073E+18,1.56674E+18,"RT @ChiefElrond: $150 | Ends in 48 Hours 

$75
ü•è RT &amp; RT Quoted below üëá

$75
ü•è Visit the site: https://t.co/piWJNhNEMe (Proof)

------
ü§© Jo‚Ä¶",Stocks
1.58073E+18,1.56674E+18,"RT @ChiefElrond: $150 | Ends in 48 Hours 

$75
ü•è RT &amp; RT Quoted below üëá

$75
ü•è Visit the site: https://t.co/piWJNhNEMe (Proof)

------
ü§© Jo‚Ä¶",Stocks
1.58073E+18,1.56674E+18,"RT @ChiefElrond: $150 | Ends in 48 Hours 

$75
ü•è RT &amp; RT Quoted below üëá

$75
ü•è Visit the site: https://t.co/piWJNhNEMe (Proof)

------
ü§© Jo‚Ä¶",Stocks
1.58073E+18,1.56674E+18,"RT @ChiefElrond: $150 | Ends in 48 Hours 

$75
ü•è RT &amp; RT Quoted below üëá

$75
ü•è Visit the site: https://t.co/piWJNhNEMe (Proof)

------
ü§© Jo‚Ä¶",Stocks
1.58073E+18,1.56674E+18,"RT @ChiefElrond: $150 | Ends in 48 Hours 

$75
ü•è RT &amp; RT Quoted below üëá

$75
ü•è Visit the site: https://t.co/piWJNhNEMe (Proof)

------
ü§© Jo‚Ä¶",Stocks
1.58073E+18,1.56674E+18,"RT @ChiefElrond: $150 | Ends in 48 Hours 

$75
ü•è RT &amp; RT Quoted below üëá

$75
ü•è Visit the site: https://t.co/piWJNhNEMe (Proof)

------
ü§© Jo‚Ä¶",Stocks
1.58073E+18,1.56674E+18,"RT @ChiefElrond: $150 | Ends in 48 Hours 

$75
ü•è RT &amp; RT Quoted below üëá

$75
ü•è Visit the site: https://t.co/piWJNhNEMe (Proof)

------
ü§© Jo‚Ä¶",Stocks
1.58073E+18,1.56674E+18,"RT @ChiefElrond: $150 | Ends in 48 Hours 

$75
ü•è RT &amp; RT Quoted below üëá

$75
ü•è Visit the site: https://t.co/piWJNhNEMe (Proof)

------
ü§© Jo‚Ä¶",Stocks
1.58073E+18,1.56674E+18,"RT @ChiefElrond: $150 | Ends in 48 Hours 

$75
ü•è RT &amp; RT Quoted below üëá

$75
ü•è Visit the site: https://t.co/piWJNhNEMe (Proof)

------
ü§© Jo‚Ä¶",Stocks
1.58073E+18,1.56674E+18,"RT @ChiefElrond: $150 | Ends in 48 Hours 

$75
ü•è RT &amp; RT Quoted below üëá

$75
ü•è Visit the site: https://t.co/piWJNhNEMe (Proof)

------
ü§© Jo‚Ä¶",Stocks
